"timestamp","value"
1739276430352,34.52993903681636
1739276429052,34.42762007378042
1739276428129,34.27506652660668
1739276427040,34.15471036173403
1739276426048,34.92379895783961
1739276425049,35.71053218934685
1739276424045,35.662863578647375
1739276423047,34.70575274992734
1739276422048,35.0228908713907
1739276421050,35.09841429442167
1739276420052,34.9789823461324
1739276419041,34.826026916503906
1739276418038,34.60458223242313
1739276417041,34.46238645724952
1739276416039,34.49631920456886
1739276415046,34.73049200233072
1739276414041,34.008024234324694
1739276413058,34.07001154497266
1739276412060,33.68070935830474
1739276411042,33.45589775592089
1739276410044,33.14402997773141
1739276409050,32.94770265650004
1739276408050,32.428345122374594
1739276407043,32.8987092198804
1739276406052,33.26867161411792
1739276405062,32.39519486576319
1739276404055,33.14018273819238
1739276403049,33.22487516421825
1739276402038,32.29069951362908
1739276401050,31.750034985132515
1739276400049,31.791009828448296
1739276399042,31.973891318775713
1739276398046,32.29471235536039
1739276397056,32.577866098843515
1739276396049,32.56280259042978
1739276395046,31.799026508815587
1739276394048,32.586319567635655
1739276393049,33.16881965007633
1739276392052,33.321218642406166
1739276391049,33.200917484238744
1739276390048,32.764853679575026
1739276389045,33.189054912887514
1739276388047,33.06357877422124
1739276387043,32.97755114827305
1739276386043,33.65454969275743
1739276385048,33.2953731212765
1739276384047,33.37262778542936
1739276383094,33.87308690696955
1739276382038,34.11861021537334
1739276381051,33.925362871959805
1739276380053,34.51589488238096
1739276379062,34.83995234686881
1739276378055,35.83723796810955
1739276377053,36.455637090839446
1739276376058,36.1622695941478
1739276375056,37.26454209629446
1739276374053,35.994622729718685
1739276373053,36.875732710585
1739276372056,36.86075395159423
1739276371051,36.7946138093248
1739276370049,36.76279053557664
1739276369047,37.18459658045322
1739276368046,36.84349151048809
1739276367045,36.470638745464385
1739276366040,37.771570982411504
1739276365049,37.039014535956085
1739276364044,37.037380195222795
1739276363043,36.680884030647576
1739276362048,37.09208584856242
1739276361043,37.64379071909934
1739276360048,37.258330144919455
1739276359038,37.7312284829095
1739276358047,37.675351621583104
1739276357039,37.798194106668234
1739276356039,37.87033908255398
1739276355038,37.71057107299566
1739276354055,37.850505981594324
1739276353057,37.82876131683588
1739276352056,37.70217720326036
1739276351058,37.51272375509143
1739276350046,37.40497130062431
1739276349047,37.11955303978175
1739276348057,37.53016042429954
1739276347056,37.84974769316614
1739276346057,37.84974769316614
1739276345060,37.63189675472677
1739276344059,37.762157334946096
1739276343055,37.341023579239845
1739276342055,36.694931543432176
1739276341059,37.088944589719176
1739276340058,36.53447667788714
1739276339057,36.80305292829871
1739276338049,36.39895251300186
1739276337049,36.47502243053168
1739276336049,36.270697861909866
1739276335056,36.11464712396264
1739276334044,36.26635297946632
1739276333057,35.96692647691816
1739276332058,36.05695165600628
1739276331043,36.246500310488045
1739276330052,36.48926726169884
1739276329061,36.689766170457006
1739276328054,36.56737501081079
1739276327058,36.4628718290478
1739276326056,36.59041893854737
1739276325052,36.10214769281447
1739276324058,35.99727047607303
1739276323056,35.72208068519831
1739276322038,35.63371419068426
1739276321049,35.601849609054625
1739276320040,35.145234108902514
1739276319052,35.31199039146304
1739276318042,35.29826654493809
1739276317049,35.619444069452584
1739276316046,35.63144790008664
1739276315052,34.964056838303804
1739276314041,34.715170128270984
1739276313056,34.394259033724666
1739276312044,34.14976842235774
1739276311044,34.151980105787516
1739276310045,34.11358639318496
1739276309047,34.244581405073404
1739276308050,33.719209644943476
1739276307045,33.64924192521721
1739276306038,34.164757893420756
1739276305050,34.29794276226312
1739276304056,33.99797388911247
1739276303036,33.65409280452877
1739276302040,34.96702157892287
1739276301043,33.752058420330286
1739276300059,34.0143909920007
1739276299050,34.65796834696084
1739276298038,35.2079815575853
1739276297051,36.42051364760846
1739276296037,36.45060925092548
1739276295034,37.50084851961583
1739276294045,36.81336366478354
1739276293053,36.871273695491254
1739276292050,37.05213964916766
1739276291048,37.836624410934746
1739276290050,37.26285148784518
1739276289052,37.994649960659444
1739276288052,38.42996604088694
1739276287048,38.61150361504406
1739276286039,38.3587642647326
1739276285040,37.391330503858626
1739276284038,37.81851933058351
1739276283078,37.067649845033884
1739276282041,37.02616750635207
1739276281043,38.175345888361335
1739276280046,37.40932251513004
1739276279049,37.90700679458678
1739276278043,38.374858723022044
1739276277038,38.48742248862982
1739276276044,38.06994617264718
1739276275044,37.31905233860016
1739276274052,38.37904481776059
1739276273068,38.154197701253
1739276272052,38.05003638379276
1739276271057,37.719018682837486
1739276270059,38.173431953415275
1739276269059,37.247543762438
1739276268056,37.30438094586134
1739276267060,38.11597535107285
1739276266057,37.88877819664776
1739276265045,37.833323237486184
1739276264055,36.954563648439944
1739276263055,36.98957963939756
1739276262056,35.980472445487976
1739276261058,35.6506479838863
1739276260056,36.56726285070181
1739276259043,37.70772356912494
1739276258054,38.30889020394534
1739276257046,38.37736865412444
1739276256057,38.476092177443206
1739276255057,38.18436251208186
1739276254042,38.0592204220593
1739276253056,37.92360215447843
1739276252060,38.298951828852296
1739276251056,37.32560807373375
1739276250076,38.107732587493956
1739276249038,38.09875576943159
1739276248069,37.63929019588977
1739276247059,38.14318407140672
1739276246052,37.8193678567186
1739276245046,36.95438165497035
1739276244045,37.902693065814674
1739276243040,37.81805077660829
1739276242049,37.052362993359566
1739276241041,37.80720384325832
1739276240045,38.627420550212264
1739276239039,36.24720367509872
1739276238043,37.9387768721208
1739276237041,38.1017436850816
1739276236041,38.0491554196924
1739276235039,38.34791274834424
1739276234056,37.30930383410305
1739276233057,36.16668638586998
1739276232057,36.59644325636327
1739276231059,36.48649780731648
1739276230057,37.637263857759535
1739276229056,36.7361369850114
1739276228057,37.52546769566834
1739276227059,38.82703249249607
1739276226060,38.818541288375854
1739276225057,38.643612432293594
1739276224053,38.04349430091679
1739276223052,38.58693770505488
1739276222040,39.05867050308734
1739276221059,38.21690257266164
1739276220051,37.60886384639889
1739276219045,37.754464361816645
1739276218046,38.361940978094935
1739276217049,37.344727855175734
1739276216047,37.34731638152152
1739276215054,37.03789951466024
1739276214050,37.48525780066848
1739276213050,36.50569860357791
1739276212049,36.1433555688709
1739276211047,37.06733065098524
1739276210047,36.42919497471303
1739276209049,36.31375386193395
1739276208049,37.57447724696249
1739276207037,36.92910213954747
1739276206060,36.90400948841125
1739276205055,36.872818605042994
1739276204059,36.78182340506464
1739276203056,36.69335702247918
1739276202051,35.743767905049026
1739276201054,35.94139038864523
1739276200048,36.56088548339903
1739276199044,36.46228972822428
1739276198043,36.30679027736187
1739276197064,36.61544168461114
1739276196041,37.30714914761484
1739276195038,36.00566908437759
1739276194047,36.515670699067414
1739276193046,37.374288968741894
1739276192046,37.358138993382454
1739276191048,35.897566883824766
1739276190044,36.4389461716637
1739276189046,36.55504925828427
1739276188047,36.11085314769298
1739276187043,36.218964820727706
1739276186051,36.806645181030035
1739276185049,36.75771132297814
1739276184044,36.41283776983619
1739276183061,36.732165112160146
1739276182048,36.838914692401886
1739276181049,36.973513069562614
1739276180048,36.702631337568164
1739276179046,36.10893128905445
1739276178044,36.7124639544636
1739276177049,36.706229948438704
1739276176040,36.44405587762594
1739276175038,36.21646549273282
1739276174058,35.15600787382573
1739276173058,36.18083633389324
1739276172056,36.01950819976628
1739276171054,36.14776770211756
1739276170050,36.03744796290994
1739276169071,37.18925873469561
1739276168058,37.6675324216485
1739276167054,37.235033575445414
1739276166056,36.65622865781188
1739276165054,36.764746881090105
1739276164057,36.83882429357618
1739276163070,36.81042586825788
1739276162056,36.096549186855555
1739276161059,36.076470839791
1739276160050,36.14142255205661
1739276159046,36.48086462263018
1739276158050,37.068495145998895
1739276157042,36.5139607610181
1739276156047,36.217903587035835
1739276155048,36.654669906012714
1739276154047,35.55841133650392
1739276153051,36.04496817383915
1739276152053,35.67469173017889
1739276151047,35.840929633937776
1739276150044,35.93496220931411
1739276149045,36.66615935508162
1739276148053,36.55907405167818
1739276147042,35.826858127489686
1739276146054,36.151402389630675
1739276145056,37.71170527394861
1739276144058,37.106091696769
1739276143063,38.110503451898694
1739276142052,38.477346564643085
1739276141058,38.06074293795973
1739276140056,37.70471342187375
1739276139059,38.02629582490772
1739276138055,38.36409119516611
1739276137060,38.33036690670997
1739276136047,38.570257022976875
1739276135058,38.98079580720514
1739276134047,38.15888400375843
1739276133051,38.0883183889091
1739276132055,37.955812401138246
1739276131045,38.17690445203334
1739276130054,38.05845820903778
1739276129043,37.66478288453072
1739276128050,37.22881855349988
1739276127054,37.56343360431492
1739276126047,36.88241863064468
1739276125049,37.12820442672819
1739276124048,36.51198574900627
1739276123052,37.042475123889744
1739276122050,37.46819646656513
1739276121054,37.43260354734957
1739276120055,37.28998533450067
1739276119053,37.706238105893135
1739276118050,38.25713637750596
1739276117055,37.75895495619625
1739276116050,38.58101777173579
1739276115038,37.69431889522821
1739276114053,37.80348224937916
1739276113052,38.40719233080745
1739276112058,38.230503738857806
1739276111057,38.26816070731729
1739276110055,37.81390812713653
1739276109058,37.773586579598486
1739276108055,37.6462202006951
1739276107061,37.30072594061494
1739276106055,38.12326097674668
1739276105056,36.88555264659226
1739276104057,37.52301903627813
1739276103055,37.68013506941497
1739276102049,37.78256136085838
1739276101048,37.82628155592829
1739276100048,37.78032362367958
1739276099058,37.8464419702068
1739276098056,37.382273328490555
1739276097066,37.559369591996074
1739276096055,38.44305199291557
1739276095050,37.72866089269519
1739276094059,37.968039117753506
1739276093051,38.71241468284279
1739276092063,38.36485142353922
1739276091059,38.0591164464131
1739276090066,37.689469711855054
1739276089056,38.206268245354295
1739276088057,38.12090493738651
1739276087056,37.881910594180226
1739276086053,38.53788173105568
1739276085046,38.36694688349962
1739276084058,37.968910061754286
1739276083101,38.28501995559782
1739276082058,38.25863370113075
1739276081060,38.1819019485265
1739276080048,38.35370820853859
1739276079055,38.35914395656437
1739276078048,38.23578515369445
1739276077056,38.065148271620274
1739276076061,38.350332842208445
1739276075057,38.84746029600501
1739276074058,39.05282231327146
1739276073056,38.51811608299613
1739276072060,38.31670547183603
1739276071056,38.45008408743888
1739276070057,38.259039585478604
1739276069052,38.776304833590984
1739276068050,37.8878917992115
1739276067058,37.87264152802527
1739276066067,38.5468357084319
1739276065049,38.131188296712935
1739276064047,38.11649317480624
1739276063041,38.63427316118032
1739276062036,40.451158637180924
1739276061049,37.970878289081156
1739276060049,39.06448645610362
1739276059044,39.10560205951333
1739276058049,39.39713192358613
1739276057046,39.73285457585007
1739276056039,40.03205999918282
1739276055030,40.19661913346499
1739276054057,40.143606211058795
1739276053058,40.48395327012986
1739276052056,39.99792800936848
1739276051057,40.571014780551195
1739276050055,40.156130448915064
1739276049047,39.68546449672431
1739276048056,40.27287405822426
1739276047054,40.601782345212996
1739276046057,41.14503424987197
1739276045054,40.431294907815754
1739276044055,40.892396580427885
1739276043058,40.980067325755954
1739276042052,40.50096525903791
1739276041055,41.67532465327531
1739276040052,41.41646748688072
1739276039059,41.40090632904321
1739276038048,42.12325120810419
1739276037039,42.27010487020016
1739276036052,43.05826850514859
1739276035051,43.160059629008174
1739276034048,42.90647028852254
1739276033051,43.0166852530092
1739276032049,43.44377991463989
1739276031044,43.74187831673771
1739276030048,42.604504029266536
1739276029049,43.39701241441071
1739276028052,43.10960746835917
1739276027036,43.03050160873681
1739276026056,43.16435000859201
1739276025056,43.50104589480907
1739276024058,43.91651809588075
1739276023059,43.703407992608845
1739276022057,43.37345275375992
1739276021056,44.286036759614944
1739276020056,43.60912605188787
1739276019054,43.73970853537321
1739276018053,43.4510904410854
1739276017048,44.349299954250455
1739276016056,43.47847032640129
1739276015057,43.5612626709044
1739276014067,43.97464740276337
1739276013058,43.920964416116476
1739276012047,43.41872365679592
1739276011060,43.802981653250754
1739276010055,43.897711091674864
1739276009048,43.83939784485847
1739276008049,43.818713755346835
1739276007047,44.754530924372375
1739276006048,44.10342052578926
1739276005050,44.52444888371974
1739276004045,44.90134963206947
1739276003050,44.669507537037134
1739276002043,44.76460525020957
1739276001046,45.015525449067354
1739276000049,44.45115984044969
1739275999040,44.75642579328269
1739275998049,44.95253554172814
1739275997038,44.30966881103814
1739275996039,44.44453619979322
1739275995034,44.48854078631848
1739275994059,44.04726096056402
1739275993055,44.932456376962364
1739275992059,44.981629537418485
1739275991055,44.639674856327474
1739275990055,44.572916149161756
1739275989072,44.149776151403785
1739275988069,44.21519042085856
1739275987075,44.73294718936086
1739275986057,44.17321105487645
1739275985064,44.66430649999529
1739275984056,44.830207294784486
1739275983099,45.58832188881934
1739275982058,45.08188931643963
1739275981057,45.587720047682524
1739275980055,45.767158683389425
1739275979052,45.29695273935795
1739275978058,44.99988204613328
1739275977059,45.50789787340909
1739275976059,45.403485155664384
1739275975057,45.08549195062369
1739275974053,44.47855249978602
1739275973060,45.303454720415175
1739275972058,45.524452465586364
1739275971044,45.02135296352208
1739275970056,45.517816186882555
1739275969053,45.821225638501346
1739275968045,45.61513528972864
1739275967058,45.51275828294456
1739275966042,45.64996937382966
1739275965058,45.71188033837825
1739275964053,45.973252199590206
1739275963972,45.7473461907357
1739275962058,45.34262196626514
1739275961060,46.860465567559004
1739275960052,46.223571739159524
1739275959057,46.13572770729661
1739275958049,46.13810250535607
1739275957056,46.12276506610215
1739275956051,45.82192638423294
1739275955056,45.98079059179872
1739275954058,45.73358299676329
1739275953049,45.621340626850724
1739275952056,45.48085399251431
1739275951059,45.22372427675873
1739275950056,45.06189112458378
1739275949051,46.06987618282437
1739275948053,45.90088913962245
1739275947050,44.85769050847739
1739275946050,45.207231264561415
1739275945049,45.610196058638394
1739275944055,45.58570926357061
1739275943049,45.08834092132747
1739275942049,45.17697252705693
1739275941048,45.292718649841845
1739275940050,45.104674336500466
1739275939046,44.54349350370467
1739275938059,44.63959248177707
1739275937065,45.16898593399674
1739275936050,44.42263771407306
1739275935042,44.390077258460224
1739275934043,45.01911645755172
1739275933052,44.96244404092431
1739275932060,44.85682162549347
1739275931059,44.43481488991529
1739275930048,44.87718708720058
1739275929057,44.77297801990062
1739275928054,44.695557944476604
1739275927057,44.54788647033274
1739275926058,44.91913230344653
1739275925056,44.35629781521857
1739275924055,44.52550172805786
1739275923058,44.77743635047227
1739275922056,44.66518927551806
1739275921058,44.30699871201068
1739275920055,43.9535505361855
1739275919057,44.34737753961235
1739275918057,44.45591366197914
1739275917056,44.016703290864825
1739275916055,44.70385921001434
1739275915044,45.41336867865175
1739275914059,45.033127123489976
1739275913068,44.950169349089265
1739275912050,44.901683043688536
1739275911060,45.03793355356902
1739275910069,45.171040940098464
1739275909078,44.89326182939112
1739275908059,44.804147087968886
1739275907058,45.03436628077179
1739275906056,45.29831713531166
1739275905044,45.331486468203366
1739275904056,44.435193510726094
1739275903058,44.684719304554164
1739275902040,45.34919925220311
1739275901059,44.846217496320605
1739275900052,45.080599007196724
1739275899054,45.18603914231062
1739275898058,45.06790868379176
1739275897065,45.31511658709496
1739275896054,44.924596812576056
1739275895055,44.98239743616432
1739275894057,45.246922705322504
1739275893061,45.213230611756444
1739275892054,44.998278931714594
1739275891056,45.82438178174198
1739275890057,44.720591054297984
1739275889046,45.65863027051091
1739275888052,45.588767869398
1739275887051,45.88560910336673
1739275886044,45.539154736325145
1739275885055,45.320646392181516
1739275884051,46.1901399185881
1739275883066,45.825773731805384
1739275882051,45.41120982822031
1739275881051,45.63744296133518
1739275880051,46.5077791698277
1739275879043,45.58726713806391
1739275878048,45.9641320630908
1739275877043,45.651076599024236
1739275876050,45.26953115593642
1739275875043,45.59692614059895
1739275874052,45.75268973596394
1739275873052,45.190709178335965
1739275872046,46.0907884882763
1739275871047,45.72906791046262
1739275870052,45.25092072226107
1739275869050,45.71498005464673
1739275868053,45.43108984362334
1739275867043,45.4606822617352
1739275866045,45.58918808493763
1739275865053,45.79386768955737
1739275864056,45.160787663422525
1739275863068,45.36296919360757
1739275862053,44.908513160422444
1739275861045,44.55058588273823
1739275860054,45.6701841885224
1739275859053,45.432561287656426
1739275858064,45.26727173104882
1739275857055,45.94701244775206
1739275856052,45.66031147912145
1739275855053,46.40800391044468
1739275854053,46.54689009860158
1739275853050,47.172857196070254
1739275852047,47.094981328584254
1739275851040,47.033534235320985
1739275850047,46.97968511283398
1739275849043,46.27225725259632
1739275848050,46.6107999747619
1739275847041,46.76739845331758
1739275846058,47.36552460677922
1739275845040,47.24740374367684
1739275844056,47.42728252056986
1739275843055,47.19798670243472
1739275842058,47.52749831601977
1739275841055,47.18570823036134
1739275840053,47.563790168613195
1739275839055,48.139201642014086
1739275838040,47.23224442452192
1739275837055,48.2293312670663
1739275836048,47.95832040067762
1739275835054,47.95069852937013
1739275834061,47.91039149090648
1739275833055,47.858968848362565
1739275832057,48.33717760257423
1739275831055,48.81484949029982
1739275830053,47.82904499769211
1739275829045,48.39648850262165
1739275828047,48.4503690674901
1739275827047,48.49261288251728
1739275826046,48.18091410398483
1739275825050,48.78834249544889
1739275824048,49.400732688605785
1739275823045,49.26092404033989
1739275822044,48.87838844861835
1739275821044,49.673281204886734
1739275820046,49.82337553612888
1739275819046,50.53829276841134
1739275818050,47.893342362716794
1739275817045,48.50925589259714
1739275816045,48.91111356858164
1739275815036,49.56761332321912
1739275814056,49.45419072639197
1739275813047,49.64550966117531
1739275812044,50.02673800755292
1739275811057,49.3783019836992
1739275810040,49.75547697674483
1739275809059,49.69854769669473
1739275808058,49.44335231650621
1739275807054,49.60801959503442
1739275806041,50.137388988398015
1739275805055,50.30105552636087
1739275804057,49.93503728881478
1739275803054,49.99245541449636
1739275802046,50.23132510203868
1739275801058,50.78583268169314
1739275800054,51.05345148500055
1739275799053,51.75358838587999
1739275798048,51.31770881079137
1739275797067,51.51758118998259
1739275796057,51.754025012254715
1739275795053,51.81000021845102
1739275794056,51.547695006243885
1739275793054,51.718079472891986
1739275792055,51.841018959879875
1739275791057,51.64824000559747
1739275790056,51.91503563243896
1739275789056,51.396847437135875
1739275788058,51.978026300668716
1739275787055,51.81919467356056
1739275786055,51.79311534203589
1739275785040,51.768711023032665
1739275784057,52.74219913315028
1739275783075,52.74409870989621
1739275782046,52.56117047648877
1739275781061,52.69090021401644
1739275780069,52.75727896206081
1739275779054,52.23470758181065
1739275778056,52.339225590229034
1739275777056,52.56590092089027
1739275776057,52.343740571290255
1739275775056,52.35228329524398
1739275774031,52.3795993225649
1739275773059,52.15303985681385
1739275772055,51.47845730930567
1739275771056,51.5769403250888
1739275770050,53.46171166934073
1739275769053,52.53195353876799
1739275768052,53.524398799054325
1739275767051,53.765591899864376
1739275766050,53.29729888681322
1739275765054,53.477315853349864
1739275764052,53.171007592231035
1739275763047,53.990444893948734
1739275762051,54.03018567152321
1739275761039,54.26560735050589
1739275760047,53.390387690626085
1739275759049,53.838780225254595
1739275758047,53.56523203290999
1739275757049,53.93135496135801
1739275756042,53.218530509620905
1739275755040,54.05002177786082
1739275754048,54.48912479914725
1739275753048,54.40484979841858
1739275752043,53.63833627291024
1739275751041,54.499321597628295
1739275750049,54.06496880296618
1739275749044,54.660280901007354
1739275748047,54.56474231835455
1739275747045,54.26946679037064
1739275746040,53.64082386903465
1739275745043,53.877699620090425
1739275744045,54.17786545213312
1739275743053,53.725375772453845
1739275742039,53.69258283171803
1739275741048,52.92523549031466
1739275740053,52.910659993998706
1739275739057,52.91727107018232
1739275738054,54.412300494499505
1739275737057,54.60927281435579
1739275736055,54.60367435775697
1739275735054,54.92637707479298
1739275734047,55.08331932686269
1739275733040,55.697226068004966
1739275732051,55.36018695682287
1739275731052,55.21622867975384
1739275730059,55.29544981941581
1739275729043,55.6440070187673
1739275728053,55.12876235228032
1739275727054,55.494441761635244
1739275726045,55.41703763324767
1739275725051,55.373700191266835
1739275724045,54.90395986940712
1739275723049,55.11621523462236
1739275722054,54.831007740460336
1739275721044,54.80628740508109
1739275720054,55.08857358340174
1739275719042,54.58683246746659
1739275718042,55.37952344678342
1739275717061,55.5138215823099
1739275716059,55.558665099553764
1739275715044,55.45416345447302
1739275714051,55.41058980952948
1739275713046,55.30880591832101
1739275712052,55.3927188673988
1739275711044,56.27094600815326
1739275710042,55.707983828149736
1739275709054,56.17333238013089
1739275708034,56.070350491441786
1739275707055,56.196192076429725
1739275706069,56.021594136953354
1739275705066,55.90229775663465
1739275704062,55.924074242822826
1739275703040,55.86877508368343
1739275702042,55.390943732112646
1739275701043,56.15623282082379
1739275700044,55.96031641867012
1739275699049,56.1974147381261
1739275698043,56.337656155228615
1739275697055,56.53045898489654
1739275696042,56.68467084132135
1739275695042,56.97807911969721
1739275694053,57.021421995945275
1739275693053,56.962245292030275
1739275692044,56.96828260086477
1739275691047,57.05070405639708
1739275690052,56.5339599698782
1739275689056,56.59698151331395
1739275688046,57.36330565530807
1739275687054,57.609509421512485
1739275686053,57.68854868132621
1739275685047,57.61174445878714
1739275684053,58.29241658933461
1739275683093,58.52634352259338
1739275682057,59.14672914426774
1739275681061,59.40432802401483
1739275680047,60.534678377211094
1739275679052,60.13132032006979
1739275678065,60.02246132213622
1739275677072,60.81368534825742
1739275676052,59.88835056684911
1739275675051,60.198139829561114
1739275674048,60.79377946909517
1739275673046,61.509927332401276
1739275672051,61.27190987765789
1739275671045,62.02097709663212
1739275670049,61.16257778182626
1739275669052,61.63241480849683
1739275668054,62.28244668710977
1739275667039,62.08573394175619
1739275666055,62.6142866127193
1739275665051,62.92189422622323
1739275664054,62.14729083701968
1739275663067,63.6097373617813
1739275662045,62.50787739176303
1739275661054,63.19295997079462
1739275660053,64.0514132026583
1739275659043,64.31664820481092
1739275658053,64.29964322131127
1739275657055,64.07925597950816
1739275656054,64.31262722425163
1739275655048,65.04152254015207
1739275654055,64.47949332650751
1739275653074,64.95183949451894
1739275652043,65.80235252715647
1739275651070,65.77192127797753
1739275650052,65.7556831734255
1739275649054,65.66609428171068
1739275648047,65.0594867253676
1739275647049,65.73756437841803
1739275646042,66.23000285495073
1739275645048,66.41285239811987
1739275644051,67.77093901578337
1739275643049,66.33734072558582
1739275642049,67.79624259844422
1739275641049,67.61637219134718
1739275640052,67.70149093866348
1739275639053,68.34728222712874
1739275638051,68.72276149317622
1739275637050,68.40127942338586
1739275636051,68.70718814618886
1739275635049,68.83840837981552
1739275634049,68.33777679037303
1739275633048,67.1737028695643
1739275632044,68.5020809834823
1739275631054,68.20731909759343
1739275630053,69.11760925408453
1739275629053,67.97031168080866
1739275628050,68.41551047749817
1739275627062,68.93876988627017
1739275626058,68.46733007766306
1739275625056,68.9491965342313
1739275624058,68.33775542210788
1739275623056,68.69720129296184
1739275622056,69.18314487021416
1739275621053,69.92474608495831
1739275620052,70.16821155603975
1739275619053,70.62892034370452
1739275618053,70.11794182378799
1739275617044,71.10816747136414
1739275616053,71.12151465099305
1739275615052,71.14681031927466
1739275614040,72.18972435127944
1739275613054,70.44445978850126
1739275612049,71.2248948533088
1739275611056,71.64687168970704
1739275610053,72.00062922108918
1739275609053,72.48574471473694
1739275608054,71.92758184671402
1739275607052,72.06069653015584
1739275606051,72.81506591755897
1739275605050,72.12303501088172
1739275604048,72.40763861499727
1739275603052,72.90725933294743
1739275602048,73.70874760113657
1739275601053,72.69163610879332
1739275600053,73.01370979472995
1739275599053,73.30865490343422
1739275598056,72.87396614067256
1739275597063,71.55853915959597
1739275596054,72.65409288927913
1739275595056,72.8338660504669
1739275594053,72.62761430349201
1739275593054,73.38972216006368
1739275592054,71.03123906999826
1739275591056,72.610033582896
1739275590055,73.11810827162117
1739275589046,73.29196890071034
1739275588050,72.87081719283015
1739275587049,73.17368243355304
1739275586049,72.59861793275923
1739275585050,72.45359504595399
1739275584043,72.37590441759676
1739275583073,73.41528235841542
1739275582048,72.31837106309831
1739275581039,72.45463333558291
1739275580052,72.69864939432591
1739275579051,72.7737354291603
1739275578058,71.95096413604915
1739275577051,72.03109015338123
1739275576047,70.90694056916982
1739275575044,71.31033807620406
1739275574061,71.09695600066334
1739275573053,71.50004316028208
1739275572053,73.29020932968706
1739275571056,73.6586887286976
1739275570056,72.7639037296176
1739275569065,73.31750016286969
1739275568053,72.57525619771332
1739275567057,72.62263493798673
1739275566055,73.35580082889646
1739275565053,73.71479033026844
1739275564055,73.13396086078137
1739275563071,73.79488064814359
1739275562056,73.85684987343848
1739275561055,74.02394788898528
1739275560047,73.95016069803387
1739275559050,74.28375800140202
1739275558049,74.88651083689183
1739275557044,74.03239596262574
1739275556042,74.74639095272869
1739275555049,73.25287095177919
1739275554053,74.22911262698472
1739275553048,73.92160732671618
1739275552051,74.16450905334204
1739275551049,74.57272314745933
1739275550038,74.7290396252647
1739275549068,74.26212677359581
1739275548069,74.62268380168825
1739275547042,75.0435527311638
1739275546057,74.5792952971533
1739275545052,75.2834014473483
1739275544058,75.45579264406115
1739275543054,75.6656346777454
1739275542056,75.29202032275498
1739275541058,75.91919261403382
1739275540055,76.16740370728076
1739275539057,76.8399413684383
1739275538046,75.14959218539298
1739275537056,76.24365110043436
1739275536059,76.3412251630798
1739275535054,75.72215577680618
1739275534056,76.36952556390315
1739275533048,77.09778199810535
1739275532056,76.94005176611245
1739275531059,77.46534425020218
1739275530052,77.69309261441231
1739275529058,78.61320892348886
1739275528050,78.4365720236674
1739275527043,78.90176117327064
1739275526040,79.34198363125324
1739275525053,80.78920545242727
1739275524055,79.66655055060983
1739275523045,80.60675629694015
1739275522043,80.22721019014716
1739275521039,81.0623456435278
1739275520042,81.66991653572768
1739275519048,81.86689428705722
1739275518045,82.06072521954775
1739275517044,81.60997111164033
1739275516044,81.66760454885662
1739275515040,81.13615589030087
1739275514057,81.18342908564955
1739275513037,82.58709658868611
1739275512053,80.92914623953402
1739275511054,81.16439566388726
1739275510054,81.84126624651253
1739275509054,82.08666780218482
1739275508056,81.97386390995234
1739275507054,82.92861816007644
1739275506056,82.8462010929361
1739275505048,82.69212008733302
1739275504054,82.70272950269282
1739275503058,83.09068661089987
1739275502041,82.67694073542953
1739275501036,82.87118965294212
1739275500066,83.78273180313408
1739275499040,85.76145652402192
1739275498050,85.94802395813167
1739275497060,86.25547972600907
1739275496052,85.94139900710434
1739275495050,85.4729839162901
1739275494048,86.13401165883988
1739275493047,85.31023674178869
1739275492049,85.9609246822074
1739275491041,86.46525462064892
1739275490048,87.08450304251164
1739275489047,86.80647229962051
1739275488040,88.1119015365839
1739275487043,88.57959595415741
1739275486038,88.18768848758191
1739275485052,88.95502917375416
1739275484055,88.21277818270028
1739275483093,88.47874214872718
1739275482047,88.45060130301863
1739275481049,88.32807691767812
1739275480047,88.18246714677662
1739275479039,88.78732539340854
1739275478038,88.21221161540598
1739275477038,87.91958156600595
1739275476043,88.5049621714279
1739275475045,88.49554864317179
1739275474050,87.70459311362356
1739275473052,88.31502257101238
1739275472039,88.302290501073
1739275471043,88.52864572126418
1739275470037,87.57365989126265
1739275469056,87.69932139478624
1739275468043,87.62564949505031
1739275467042,86.73136318475008
1739275466045,86.894356880337
1739275465048,88.15419355407357
1739275464041,86.66092112660408
1739275463053,87.98130471538752
1739275462044,88.14416633173823
1739275461049,88.43238205928355
1739275460048,88.01098647434264
1739275459047,87.41363140102476
1739275458040,87.56225875392556
1739275457041,87.8226882442832
1739275456052,87.82346925791353
1739275455040,87.52106954343617
1739275454043,87.81997784972191
1739275453057,86.76744300033897
1739275452054,87.16255197580904
1739275451055,87.69551148451865
1739275450052,87.72055344190449
1739275449043,87.8373865718022
1739275448051,86.90178131125867
1739275447062,87.15357327647507
1739275446054,87.99219771567732
1739275445065,87.36982667446136
1739275444058,87.01986656989902
1739275443056,87.0213313056156
1739275442055,87.54555632732809
1739275441054,87.36588920839131
1739275440054,87.21866469923407
1739275439057,87.43365145754069
1739275438054,87.18782461155206
1739275437054,87.08569155819714
1739275436054,86.41567014344037
1739275435055,86.25591309089214
1739275434055,86.18939913064241
1739275433053,85.48968691471964
1739275432055,86.16821493022144
1739275431055,86.70425436832011
1739275430054,85.03168339002877
1739275429056,85.60008688550442
1739275428055,85.40218067541718
1739275427056,85.27294455934316
1739275426045,85.2654271768406
1739275425054,84.62694590631872
1739275424053,85.39631262980402
1739275423063,85.20036310330033
1739275422044,85.38602039217949
1739275421068,85.70761549286544
1739275420071,85.41179233882576
1739275419072,85.93315815832466
1739275418045,84.51326988171786
1739275417055,84.91935294680297
1739275416055,85.09504248201847
1739275415053,84.82348788436502
1739275414057,85.37467952538282
1739275413047,84.88468562997878
1739275412057,85.07867103908211
1739275411053,84.7972291233018
1739275410054,84.66679516341537
1739275409054,84.17314631398767
1739275408046,84.9337655287236
1739275407042,83.98334942571819
1739275406046,83.96883107814938
1739275405045,84.92676473595202
1739275404039,84.79753271583468
1739275403054,84.65498356614262
1739275402042,84.37157879490405
1739275401047,84.70982161071151
1739275400048,84.26464853994548
1739275399047,83.92171124089509
1739275398042,84.90616711229086
1739275397058,84.91397537756711
1739275396048,84.43060513120145
1739275395050,85.04119398165494
1739275394056,84.40717017278075
1739275393059,84.48982480540872
1739275392054,85.37722068000585
1739275391057,85.5463825026527
1739275390041,86.88470763992518
1739275389044,86.24883786588907
1739275388057,86.53335769847035
1739275387056,86.82926173135638
1739275386057,86.33785330224782
1739275385056,85.56555879954249
1739275384053,85.09179485868663
1739275383095,85.84719959739596
1739275382053,84.68351796176285
1739275381053,85.30181037820876
1739275380055,84.96815147902817
1739275379056,85.26602693554014
1739275378054,84.58065085764974
1739275377056,84.18264280818403
1739275376055,84.73630696628243
1739275375059,84.7273772470653
1739275374051,84.1545381071046
1739275373056,83.46700850315392
1739275372055,84.50965436734259
1739275371050,84.1852265773341
1739275370058,83.81520942039788
1739275369079,84.40486872661859
1739275368071,84.06891741976142
1739275367055,84.37734341342002
1739275366056,83.40549993515015
1739275365055,83.98804640118033
1739275364056,83.67754957731813
1739275363064,84.033621750772
1739275362046,83.4792531998828
1739275361055,82.62180118449032
1739275360056,82.10006888210773
1739275359042,82.49935192521662
1739275358039,82.09948611538857
1739275357048,81.10695684887469
1739275356056,81.19609781354666
1739275355057,81.71433229837567
1739275354057,81.11452114582062
1739275353052,81.5829403065145
1739275352054,82.31762057356536
1739275351056,81.42806295398623
1739275350051,81.27031783480197
1739275349053,81.62369393650442
1739275348053,81.74869437608868
1739275347044,82.08606867026538
1739275346043,81.91490962542593
1739275345048,81.60054437629879
1739275344038,81.38890428189188
1739275343056,82.00572660751641
1739275342049,81.44093487411737
1739275341043,80.8919828273356
1739275340048,81.3118904819712
1739275339042,80.94238351564854
1739275338049,80.44973164983094
1739275337051,80.67005948070437
1739275336043,80.51266488060355
1739275335041,80.63800905644894
1739275334055,79.77786147780716
1739275333057,80.23291523288935
1739275332055,80.28231286164373
1739275331055,79.94820608850569
1739275330052,80.09964917227626
1739275329047,80.24536057282239
1739275328054,80.11958943959326
1739275327057,80.5650884071365
1739275326040,80.42366570793092
1739275325055,79.68079837504774
1739275324056,80.03896934911609
1739275323056,80.25081865489483
1739275322056,79.82586710900068
1739275321052,79.42535991035402
1739275320047,79.84918847493827
1739275319043,79.76266214624047
1739275318063,79.41804790496826
1739275317071,79.49354714993387
1739275316049,79.47226094454527
1739275315045,79.15061990730464
1739275314046,78.94548456184566
1739275313049,79.14448862336576
1739275312048,78.73315325379372
1739275311048,78.28555946145207
1739275310047,78.82373035140336
1739275309047,77.52785314712673
1739275308046,78.15635083336383
1739275307047,78.22422522399575
1739275306055,77.73159423843026
1739275305049,77.918252883479
1739275304057,78.28356903139502
1739275303053,78.14050216600299
1739275302046,77.86123163159937
1739275301046,77.56711524073035
1739275300052,77.47247903235257
1739275299044,77.49585310928524
1739275298055,77.66808417253196
1739275297064,77.3109594238922
1739275296055,77.34041907638311
1739275295050,77.3782334253192
1739275294036,77.27436789963394
1739275293048,77.67069658730179
1739275292061,77.22063704300672
1739275291045,77.54660671856254
1739275290050,77.74817992653698
1739275289055,77.89062153641135
1739275288043,78.15802581422031
1739275287043,78.27276215422899
1739275286040,78.07870272826403
1739275285042,78.10942903999239
1739275284045,78.19884826336056
1739275283085,78.14596206136048
1739275282041,77.92820606194437
1739275281043,77.94442653562874
1739275280041,77.88142401445657
1739275279047,77.50750658102334
1739275278046,77.53089324664325
1739275277046,77.08895972277969
1739275276044,76.92364998161793
1739275275044,76.95360956527293
1739275274049,76.70930034480989
1739275273047,76.37687260098755
1739275272048,76.24448505882174
1739275271049,76.83397131692618
1739275270047,76.83760289940983
1739275269046,76.31420506257564
1739275268047,76.22476382367313
1739275267049,76.96919697895646
1739275266059,76.79718365799636
1739275265052,76.96159183047712
1739275264062,76.92167572770268
1739275263076,76.71887097042054
1739275262040,77.33242657221854
1739275261058,76.85560142528266
1739275260046,76.55729215499014
1739275259041,76.66323117166758
1739275258049,76.87613632157445
1739275257056,77.20942060183734
1739275256053,76.81080356612802
1739275255042,76.541299469769
1739275254045,77.43641918152571
1739275253043,76.65250276401639
1739275252041,76.47156950738281
1739275251043,76.38295896816999
1739275250044,75.89452724531293
1739275249045,75.9624723251909
1739275248051,75.89077584724873
1739275247041,75.95952952560037
1739275246058,76.24319730512798
1739275245041,75.88015491701663
1739275244043,76.03761556465179
1739275243055,75.90164294093847
1739275242045,75.50785658229142
1739275241060,75.31885144021362
1739275240056,75.71726194024086
1739275239041,75.55750909540802
1739275238058,75.0999071765691
1739275237046,75.51362963486463
1739275236056,75.331084119156
1739275235050,75.11628555413336
1739275234056,75.02731522358954
1739275233057,74.62237959168851
1739275232056,74.61273834016174
1739275231055,74.55739946477115
1739275230050,75.12117819581181
1739275229059,75.27232810109854
1739275228051,75.51128703914583
1739275227052,75.19688191171736
1739275226055,74.63235002942383
1739275225050,75.36236980650574
1739275224049,75.43575992435217
1739275223049,75.50281910318881
1739275222046,75.0248744469136
1739275221050,74.16229395847768
1739275220051,73.65990219078958
1739275219053,73.47449559345841
1739275218048,73.61601459793746
1739275217048,73.72446378692985
1739275216046,73.88668937887996
1739275215053,73.12300089467317
1739275214053,73.36834786180407
1739275213055,72.89789063017815
1739275212043,72.71480768732727
1739275211050,72.74300264660269
1739275210051,72.6874677054584
1739275209052,72.65478193946183
1739275208053,72.54612829256803
1739275207051,72.52718634530902
1739275206049,72.28442087955773
1739275205048,71.61512625683099
1739275204049,71.67212892789394
1739275203057,71.59857394360006
1739275202054,71.42901057191193
1739275201057,71.23714720644057
1739275200054,71.9020054731518
1739275199056,71.71718371659517
1739275198043,71.63569950032979
1739275197067,71.46863219700754
1739275196056,71.5577547699213
1739275195055,71.59110563062131
1739275194054,71.46848560683429
1739275193059,71.4596075611189
1739275192056,71.04208699055016
1739275191060,70.77765530720353
1739275190056,70.58161439560354
1739275189041,70.10283029079437
1739275188058,70.34739498700947
1739275187053,70.0369035564363
1739275186053,70.17506668064743
1739275185050,69.95544815342873
1739275184049,69.50636994466186
1739275183088,69.54936392791569
1739275182051,69.14808369800448
1739275181053,68.70438573416322
1739275180053,68.59306147042662
1739275179044,68.56552103441209
1739275178045,68.40799627173692
1739275177056,68.26633377932012
1739275176047,68.37462154962122
1739275175047,68.14268838241696
1739275174055,68.43011723738164
1739275173055,68.5168778616935
1739275172051,68.27487448230386
1739275171042,68.09136660769582
1739275170051,68.25884014833719
1739275169042,68.38751200120896
1739275168049,68.37541637476534
1739275167053,68.44054991193116
1739275166051,68.22997582703829
1739275165047,68.34119423944503
1739275164054,68.27861438132823
1739275163062,68.23700304795057
1739275162042,68.48258589580655
1739275161043,68.49984850548208
1739275160042,68.18174047674984
1739275159052,67.8004034915939
1739275158040,68.43516583181918
1739275157050,68.56895764824003
1739275156047,68.40344181191176
1739275155041,69.09693381842226
1739275154057,69.16159347258508
1739275153049,68.8572818916291
1739275152055,68.82484349049628
1739275151058,68.9866838240996
1739275150054,68.90895769372582
1739275149046,69.21312455553561
1739275148056,69.27432914916426
1739275147054,69.4102173158899
1739275146060,69.24821021500975
1739275145054,69.43611861020327
1739275144057,68.67242395505309
1739275143055,68.80075654294342
1739275142055,69.18645391054451
1739275141046,68.43901723716408
1739275140049,68.79471197724342
1739275139056,69.04921251628548
1739275138062,69.3610984897241
1739275137042,69.15946831274778
1739275136069,68.54624733421952
1739275135047,69.05495475977659
1739275134042,69.61846412811428
1739275133042,68.6386992065236
1739275132052,68.72646509390324
1739275131041,68.86180948466063
1739275130042,69.207535113208
1739275129051,68.28999750223011
1739275128051,68.68892990797758
1739275127043,68.8206684505567
1739275126058,69.21452734898776
1739275125053,69.1692923316732
1739275124055,68.7687523001805
1739275123058,69.36686986405402
1739275122056,69.11541176587343
1739275121057,69.50700563564897
1739275120054,69.73360285628587
1739275119047,68.93441484123468
1739275118057,69.26257575396448
1739275117056,69.17061417922378
1739275116058,69.04503498412669
1739275115052,69.34210839308798
1739275114052,69.59265167079866
1739275113059,69.17895576264709
1739275112070,69.26111224573106
1739275111057,69.45020947419107
1739275110054,69.22857738286257
1739275109059,69.10564769990742
1739275108053,69.3835215093568
1739275107048,68.7821653233841
1739275106052,68.8819759376347
1739275105050,68.84710964560509
1739275104047,69.13614613190293
1739275103055,69.19746123440564
1739275102046,68.40962431300431
1739275101052,68.62306766025722
1739275100049,68.41776984371245
1739275099053,67.89956075698137
1739275098051,68.60185924358666
1739275097042,68.93575474247336
1739275096050,68.01253189239651
1739275095037,68.1657169656828
1739275094055,68.56783089414239
1739275093057,69.09255403187126
1739275092055,69.07642985787243
1739275091058,68.93021907657385
1739275090053,68.88198835868388
1739275089048,69.06397511810064
1739275088056,69.09986495878547
1739275087056,69.1048659561202
1739275086056,69.25301884580404
1739275085054,69.60611790791154
1739275084056,69.70096699614078
1739275083096,69.64458613656461
1739275082061,69.76280761417001
1739275081058,69.71276994794607
1739275080055,69.59088632836938
1739275079057,69.68978379946202
1739275078046,69.86239608190954
1739275077052,69.28071118239313
1739275076057,67.23925681784749
1739275075058,66.82613658718765
1739275074044,68.13329529669136
1739275073053,68.06122227013111
1739275072055,68.06352482177317
1739275071056,68.35502281039953
1739275070044,68.04022534098476
1739275069046,68.48925766907632
1739275068046,68.98815749865025
1739275067056,69.25902693532407
1739275066044,68.68053109198809
1739275065057,69.00819883029908
1739275064044,69.32858135085553
1739275063066,69.16498823277652
1739275062053,69.36653773486614
1739275061058,69.73045491334051
1739275060066,69.59169850684702
1739275059044,69.53229962475598
1739275058049,69.68145871069282
1739275057060,69.82972248177975
1739275056056,70.09324721619487
1739275055059,70.47873500362039
1739275054058,69.95251332223415
1739275053056,70.52900341525674
1739275052052,70.57723314873874
1739275051053,70.4997424390167
1739275050054,71.07084923423827
1739275049050,70.76307729072869
1739275048052,71.12406906764954
1739275047042,71.38476211484522
1739275046051,71.81107346527278
1739275045048,72.21065578237176
1739275044055,72.62621571309865
1739275043048,72.32235889416188
1739275042051,72.66031760163605
1739275041050,73.73347050789744
1739275040050,73.82497603353113
1739275039055,73.96461134590209
1739275038038,74.80260788369924
1739275037045,74.14820853900164
1739275036050,74.74824978318065
1739275035045,74.99399104528129
1739275034081,75.43307191133499
1739275033076,76.2610422950238
1739275032058,76.442880355753
1739275031045,77.33033901173621
1739275030048,77.2819644389674
1739275029047,77.50340563431382
1739275028056,77.4483363814652
1739275027056,78.13938731700182
1739275026051,78.3348560621962
1739275025046,78.39686293620616
1739275024055,78.94798915553838
1739275023045,80.02786201052368
1739275022056,80.48305172473192
1739275021056,79.82472587749362
1739275020053,80.05056738760322
1739275019057,80.46048342250288
1739275018055,80.74421430006623
1739275017055,81.71245758328587
1739275016058,81.5023040259257
1739275015055,82.09027559123933
1739275014057,82.87069196347147
1739275013056,82.07135188300163
1739275012049,82.8290010439232
1739275011047,82.7293118480593
1739275010060,83.63744637183845
1739275009063,83.6439565801993
1739275008047,84.42571858130395
1739275007051,84.15758464671671
1739275006048,85.21252038516104
1739275005051,85.32778066303581
1739275004052,84.97866319306195
1739275003047,85.5173538858071
1739275002042,85.35834551602602
1739275001057,85.7768918974325
1739275000056,85.70596164371818
1739274999045,85.96032673865557
1739274998050,85.53520069736987
1739274997061,85.22850709687918
1739274996056,85.1801743004471
1739274995054,84.57395479269326
1739274994057,84.27700434345752
1739274993057,84.98606634326279
1739274992058,83.94166603218764
1739274991057,84.22007258236408
1739274990055,84.222009065561
1739274989060,83.78754032868892
1739274988050,83.25083894189447
1739274987052,83.13857599161565
1739274986053,82.91983909532428
1739274985049,83.44456396065652
1739274984058,83.70439804252237
1739274983084,82.82886850833893
1739274982049,82.92732783034444
1739274981051,81.766710950993
1739274980052,81.69308168068528
1739274979051,81.74615392368287
1739274978043,81.95044718123972
1739274977063,81.63098723441362
1739274976051,80.69394925050437
1739274975046,80.50633270386606
1739274974048,80.45227905828506
1739274973053,79.54440812021494
1739274972048,79.824142976664
1739274971056,79.05428457446396
1739274970050,79.55630061309785
1739274969046,79.36224209330976
1739274968048,79.36834718938917
1739274967052,79.48985218629241
1739274966051,79.37836020067334
1739274965054,79.37392651475966
1739274964044,79.53420280665159
1739274963057,79.62067366670817
1739274962049,78.93965175002813
1739274961049,79.32844771631062
1739274960052,79.36108028050512
1739274959059,78.56385342776775
1739274958050,79.22804449126124
1739274957053,79.57714502047747
1739274956054,79.19878626987338
1739274955054,79.03986617922783
1739274954050,78.64292222168297
1739274953050,78.85263904929161
1739274952043,79.45459788106382
1739274951049,79.3093441138044
1739274950050,78.90108105912805
1739274949041,78.91642881836742
1739274948053,79.45936738327146
1739274947048,79.62211896851659
1739274946056,79.27459089271724
1739274945051,79.70966164395213
1739274944050,79.99829872883856
1739274943053,80.04358945786953
1739274942050,80.88510702364147
1739274941053,79.27942352369428
1739274940051,80.7266737697646
1739274939045,81.12689225189388
1739274938043,81.26632225699723
1739274937053,81.14426507987082
1739274936063,81.10476185753942
1739274935045,81.47539453487843
1739274934043,81.51461239624768
1739274933054,81.86803089547902
1739274932045,81.61638134531677
1739274931040,81.34956749435514
1739274930041,80.68789439462125
1739274929042,80.06500340625644
1739274928063,79.48109692428261
1739274927043,78.89639235194772
1739274926039,78.42514324188232
1739274925038,78.09146291576326
1739274924038,78.20810383465141
1739274923435,78.42934347689152
1739274922124,78.45278567168862
1739274921049,78.49239192530513
1739274920090,78.32178438827395
1739274919048,78.2989001730457
1739274918047,77.11764211859554
1739274917051,78.11108036991209
1739274916049,77.8236001059413
1739274915040,78.41286374721676
1739274914051,78.83333256747574
1739274913056,79.5289903813973
1739274912057,79.40896368585527
1739274911055,78.92121662478894
1739274910045,78.7729182485491
1739274909043,79.23307310696691
1739274908055,78.98865119088441
1739274907056,79.1467958604917
1739274906048,79.05262934695929
1739274905055,79.08456209488213
1739274904060,78.70614885073155
1739274903056,79.64069913048297
1739274902049,79.1803006278351
1739274901048,79.45499545708299
1739274900056,78.48905729688704
1739274899056,78.97289194818586
1739274898056,78.87794264033437
1739274897065,78.81650882866234
1739274896061,78.85281747020781
1739274895056,78.84540661145002
1739274894058,78.3761355895549
1739274893057,78.46947863791138
1739274892055,78.63431499619037
1739274891051,78.44014258682728
1739274890059,78.39132951851934
1739274889061,78.75169608090073
1739274888057,77.86222377885133
1739274887057,78.47147313784808
1739274886060,78.91114158369601
1739274885059,79.10795942042023
1739274884056,78.8947078352794
1739274883100,78.88604634068906
1739274882061,78.8563962271437
1739274881060,78.8381903199479
1739274880061,78.63999599777162
1739274879050,79.03124350495636
1739274878040,78.98437799047679
1739274877056,79.12363442592323
1739274876057,78.90691898018122
1739274875055,79.05668116454035
1739274874061,79.15408795606345
1739274873055,79.52750555705279
1739274872055,79.50036142487079
1739274871058,79.56192577537149
1739274870056,79.87933123111725
1739274869057,79.19913362711668
1739274868053,79.59366555605084
1739274867048,80.30366818513721
1739274866050,80.20323077403009
1739274865044,80.6714344508946
1739274864050,80.9871239028871
1739274863053,80.82806582935154
1739274862048,81.22305472567677
1739274861052,81.25830165948719
1739274860046,81.14161714725196
1739274859045,81.25464853551239
1739274858050,81.11929926835
1739274857068,81.82428525947034
1739274856053,82.29514459241182
1739274855064,81.55431715305895
1739274854056,82.00405127741396
1739274853059,82.12998286727816
1739274852048,82.2551917731762
1739274851059,82.31489033903927
1739274850057,81.90928215440363
1739274849048,81.90160829015076
1739274848058,82.15861416887492
1739274847057,82.47047340031713
1739274846043,81.8926664525643
1739274845048,82.30973227601498
1739274844046,82.33197612129152
1739274843058,82.15401979256421
1739274842057,82.36064479406923
1739274841057,82.8312487564981
1739274840049,82.9041392672807
1739274839055,82.79596758261323
1739274838058,82.52546103391796
1739274837056,82.63114932458848
1739274836054,82.80144943948835
1739274835055,82.33564142137766
1739274834053,81.89525454305112
1739274833060,82.40147315710783
1739274832056,82.87665654253215
1739274831048,82.28069521673024
1739274830054,82.62637203093618
1739274829056,82.18360176216811
1739274828055,82.66266520693898
1739274827055,82.87676043249667
1739274826059,82.94176175631583
1739274825054,82.827327539213
1739274824055,82.92878894414753
1739274823056,82.55693359486759
1739274822047,82.61502351239324
1739274821057,82.9738383051008
1739274820057,82.41916033253074
1739274819042,82.06462168414146
1739274818059,82.35453394334763
1739274817048,82.08992502652109
1739274816057,82.0451089469716
1739274815058,81.8861124413088
1739274814042,81.39547735080123
1739274813059,81.40615168493241
1739274812049,81.36479672603309
1739274811055,81.10384560748935
1739274810053,81.33779529388994
1739274809054,81.4699435820803
1739274808046,80.83387937769294
1739274807049,81.01704975869507
1739274806055,81.01050946488976
1739274805064,81.36021087132394
1739274804043,81.55012446921319
1739274803049,81.24131622072309
1739274802044,81.61315325833857
1739274801049,81.86046439502388
1739274800051,81.52306596748531
1739274799049,81.69866847246885
1739274798049,81.64933619927615
1739274797054,81.69517884310335
1739274796049,81.62715252302587
1739274795045,81.81356232985854
1739274794047,81.72001479938626
1739274793057,81.68616579473019
1739274792059,81.61040095612407
1739274791054,81.70866973977536
1739274790053,81.58536198735237
1739274789049,81.84669015463442
1739274788046,81.6152611123398
1739274787057,81.94303679279983
1739274786046,81.42272928636521
1739274785046,81.511490653269
1739274784040,81.6543009467423
1739274783072,81.73375057429075
1739274782046,81.35718747414649
1739274781050,81.4306698795408
1739274780063,81.07608528714627
1739274779044,81.05955914221704
1739274778046,81.85806971695274
1739274777046,81.47269933763891
1739274776041,81.5747285373509
1739274775053,81.55888110678643
1739274774042,81.22739406209439
1739274773053,81.51511404756457
1739274772051,81.07914961408824
1739274771049,81.57056176569313
1739274770047,81.96262499317527
1739274769049,81.59129140153527
1739274768047,82.01363413222134
1739274767049,82.13986549433321
1739274766055,82.58811117522418
1739274765057,82.06872987281531
1739274764057,82.61071346513927
1739274763069,82.5552562745288
1739274762057,81.98235746938735
1739274761049,82.92852354515344
1739274760057,82.4952840199694
1739274759044,82.51692609395832
1739274758056,82.62045313883573
1739274757056,82.75510959047824
1739274756048,82.4422442028299
1739274755067,82.52069062460214
1739274754058,81.8905985020101
1739274753060,81.60306055191904
1739274752067,81.95117117557675
1739274751058,81.5752788707614
1739274750041,81.32355101779103
1739274749059,81.71338473819196
1739274748049,81.32026676926762
1739274747049,82.08106463123113
1739274746050,81.77764336485416
1739274745047,82.05888736899942
1739274744052,82.15675616823137
1739274743052,82.1669359402731
1739274742049,82.34929515235126
1739274741050,81.82960841059685
1739274740049,82.11881870403886
1739274739052,82.44861689861864
1739274738049,82.48789807595313
1739274737052,82.14282294455916
1739274736050,82.48816163092852
1739274735040,83.08321612980217
1739274734056,83.11322689056396
1739274733046,83.20082181040198
1739274732058,83.2246356708929
1739274731057,83.5489679723978
1739274730054,83.82358998246491
1739274729048,83.66565078590065
1739274728350,83.63022501580417
1739274727836,84.04505710955709
1739274726839,84.12175986077636
1739274725834,83.99033573642373
1739274724832,84.55867539905012
1739274723448,84.69278453662992
1739274722055,85.3068394958973
1739274721056,85.0254449667409
1739274720057,85.21152593474835
1739274719057,85.51563756726682
1739274718041,85.27089141868055
1739274717057,85.43444511760026
1739274716056,85.81813502125442
1739274715057,85.872489082627
1739274714053,85.35339941084385
1739274713054,85.22763924021274
1739274712057,85.78731083404273
1739274711055,85.660897731781
1739274710047,86.01116872485727
1739274709054,86.49791580066085
1739274708059,85.48993453662843
1739274707057,85.34861373342574
1739274706052,86.31827750336379
1739274705045,86.71180678531528
1739274704057,86.17385406792164
1739274703069,86.11750955693424
1739274702057,86.40779931936413
1739274701051,87.15073637943715
1739274700047,86.35641128756106
1739274699043,86.15950309857726
1739274698050,86.77580075897276
1739274697047,86.53894267138094
1739274696042,86.2265634322539
1739274695049,86.64942811988294
1739274694049,86.7513433508575
1739274693047,86.65065305028111
1739274692040,86.37615402694792
1739274691056,85.7190569806844
1739274690057,86.48904773686081
1739274689051,86.78251759428531
1739274688051,86.24421749077737
1739274687049,87.01751279551536
1739274686051,85.9779573539272
1739274685049,86.8855643235147
1739274684047,86.98808819707483
1739274683065,86.93307544570416
1739274682049,86.95659391582012
1739274681045,86.55670276191086
1739274680039,87.02403024863452
1739274679038,86.86243848223239
1739274678061,86.33019387163222
1739274677055,86.5401972560212
1739274676051,86.82415149081498
1739274675044,86.83152816817164
1739274674050,86.13268532045186
1739274673050,86.60662455204874
1739274672052,87.1301949378103
1739274671050,86.9089663811028
1739274670050,87.10731253493577
1739274669048,87.0694111790508
1739274668049,87.75500514917076
1739274667046,87.13875359855592
1739274666050,87.07114338316023
1739274665047,87.43986462056637
1739274664041,86.75727299414575
1739274663043,87.15583154838532
1739274662048,87.14782751910388
1739274661044,87.43217667657882
1739274660046,87.63777267187834
1739274659046,86.89331818372011
1739274658049,86.72924445662647
1739274657050,86.82150094676763
1739274656041,86.15898260753602
1739274655047,85.51301766652614
1739274654040,86.10702894348651
1739274653041,86.11350679025054
1739274652046,85.08313280064613
1739274651058,85.14490439370275
1739274650066,84.61229380778968
1739274649041,84.48648743890226
1739274648047,84.20281420368701
1739274647048,84.1129587655887
1739274646050,84.03357336204499
1739274645045,83.26328247319907
1739274644050,83.2097940146923
1739274643057,83.16159214545041
1739274642059,83.61849073600024
1739274641059,82.73426426015794
1739274640056,83.45464422740042
1739274639050,83.37868125922978
1739274638059,83.30277819838375
1739274637057,82.67613445222378
1739274636059,83.07028098776937
1739274635060,83.22861440945417
1739274634061,82.90717472322285
1739274633058,82.79804545454681
1739274632057,83.22539333347231
1739274631060,82.95363834500313
1739274630048,83.44247152842581
1739274629060,83.2959898924455
1739274628053,83.63119686581194
1739274627048,83.13659698329866
1739274626055,83.29471453092992
1739274625048,83.15473718289286
1739274624060,82.64316084235907
1739274623070,83.54736341536045
1739274622049,82.93111965246499
1739274621043,83.2297777524218
1739274620048,83.29075099993497
1739274619049,82.85806898586452
1739274618039,82.49430994130671
1739274617039,82.83385134022683
1739274616044,82.6074536414817
1739274615043,82.71574145182967
1739274614041,82.21195522043854
1739274613057,81.86047969013453
1739274612059,82.33800720609725
1739274611058,81.54184210393578
1739274610059,82.23683643061668
1739274609049,82.01181286387146
1739274608057,81.70125907845795
1739274607060,81.48670266568661
1739274606057,80.86378389690071
1739274605057,81.47417184710503
1739274604056,81.68184929527342
1739274603056,81.72378266043961
1739274602047,81.77339253108948
1739274601047,81.96074542310089
1739274600047,81.69852247554809
1739274599055,82.20975420996547
1739274598050,82.11079279426485
1739274597043,81.89192335028201
1739274596050,82.26690100785345
1739274595048,81.62152460124344
1739274594047,81.64429366216063
1739274593047,81.30762746185064
1739274592041,81.12023615650833
1739274591051,81.5481046717614
1739274590045,81.46089803148061
1739274589048,81.17441521026194
1739274588040,81.76167158130556
1739274587041,81.80304547026753
1739274586050,82.13977301679552
1739274585049,81.67442804481834
1739274584048,82.22375150676817
1739274583067,82.35007447842509
1739274582042,82.13117393665016
1739274581049,82.64994160924107
1739274580048,83.56596892792732
1739274579046,83.03808124549687
1739274578056,83.21377784665674
1739274577043,83.56986063811928
1739274576048,83.69227779190987
1739274575057,83.30176719091833
1739274574052,83.8685250300914
1739274573051,83.26685167476535
1739274572050,83.23961760941893
1739274571047,83.76345294341445
1739274570046,83.44862372521311
1739274569047,83.21193393412977
1739274568048,83.59663402102888
1739274567047,83.52801568433642
1739274566043,84.09751059859991
1739274565048,84.26579132769257
1739274564046,84.0528473900631
1739274563045,84.47054718527943
1739274562045,84.00724382419139
1739274561046,83.66750288847834
1739274560043,83.77826923131943
1739274559043,83.46874296851456
1739274558045,83.81427171546966
1739274557041,83.27355972584337
1739274556042,83.78085087426007
1739274555039,83.26182454638183
1739274554049,84.33913933020085
1739274553043,84.14040258340538
1739274552043,84.04587028734386
1739274551041,84.17858459800482
1739274550044,84.65094191394746
1739274549044,84.03091787640005
1739274548057,84.45019489061087
1739274547055,84.64975147973746
1739274546063,84.17536714021116
1739274545049,83.95237759128213
1739274544050,83.99187375511974
1739274543049,84.27753982599825
1739274542050,85.12135477084666
1739274541049,83.2342936238274
1739274540046,84.01102092023939
1739274539051,84.39977289456874
1739274538041,84.23962011281401
1739274537050,83.33110801316798
1739274536050,84.16590984072536
1739274535049,84.04571907967329
1739274534050,84.6071898471564
1739274533046,84.50563599728048
1739274532051,84.85640737507492
1739274531046,84.49242339655757
1739274530046,84.91240016836673
1739274529050,84.99264542758465
1739274528049,84.81907190103084
1739274527050,84.6220990633592
1739274526052,84.9369162498042
1739274525045,83.98224032018334
1739274524040,84.91702147107571
1739274523046,83.1689619468525
1739274522044,84.09740693867207
1739274521067,83.88028418458998
1739274520047,84.32377078384161
1739274519040,83.71543507836759
1739274518049,84.26485714036971
1739274517050,85.03221674915403
1739274516051,85.1525457976386
1739274515048,84.83770354557782
1739274514049,85.22525290958583
1739274513046,84.92889864463359
1739274512043,84.84594481717795
1739274511044,85.51433121226728
1739274510041,85.76319651585072
1739274509056,85.67602219060063
1739274508049,85.22458956297487
1739274507050,86.23117092158645
1739274506050,85.8239944735542
1739274505048,86.06075825262815
1739274504044,86.78697342704982
1739274503049,86.25312695931643
1739274502042,86.21456971671432
1739274501045,86.19487140886486
1739274500044,86.29642472695559
1739274499043,85.9160028975457
1739274498043,86.27732581738383
1739274497044,86.57070497050881
1739274496062,86.98527704924345
1739274495059,87.01067024748772
1739274494103,86.95561497099698
1739274493048,87.55038778204471
1739274492057,86.67579289060086
1739274491055,87.2872677249834
1739274490059,88.29289146419615
1739274489051,88.02561041805893
1739274488057,88.72539026662707
1739274487057,88.1022122586146
1739274486054,88.60253430251032
1739274485057,88.75099565088749
1739274484060,88.33455467130989
1739274483095,88.30259598512203
1739274482055,88.19590740092099
1739274481055,88.2702347971499
1739274480045,88.62504871562123
1739274479049,87.56331544090062
1739274478046,87.7026295075193
1739274477045,87.57320520002395
1739274476043,87.44827749952674
1739274475047,87.52189115900546
1739274474041,87.47047590371221
1739274473043,87.40709242410958
1739274472048,87.06783289741725
1739274471046,87.13217732869089
1739274470049,88.05431337375194
1739274469047,86.66995231620967
1739274468046,87.11346582788974
1739274467049,87.2642097780481
1739274466044,87.57313860114664
1739274465057,87.28983853384852
1739274464058,87.40700538642704
1739274463040,88.13444388285279
1739274462049,88.26330981310457
1739274461052,87.513597660698
1739274460048,87.69401581119746
1739274459044,88.12314142007381
1739274458050,88.99928439408541
1739274457052,89.3510228972882
1739274456050,89.43538657296449
1739274455046,88.80867525655776
1739274454039,89.77528308797628
1739274453052,89.51177467498928
1739274452049,89.89078370667994
1739274451052,89.8311300938949
1739274450043,89.28332777135074
1739274449042,89.8749572802335
1739274448048,90.32690928783268
1739274447049,90.39584708865732
1739274446043,89.79226166475564
1739274445052,90.2801285404712
1739274444059,90.32698983326554
1739274443068,90.57577128894627
1739274442066,90.60936593171209
1739274441043,90.75467029120773
1739274440042,89.96030764561146
1739274439047,90.9759975457564
1739274438040,91.10054805595428
1739274437040,91.34575694333762
1739274436042,91.59427413530648
1739274435041,91.57494042254984
1739274434041,92.32812460605055
1739274433058,93.01139059010893
1739274432057,92.33819741755724
1739274431055,92.30576917901635
1739274430058,94.09612947143614
1739274429048,93.19861483108252
1739274428056,93.88693084102124
1739274427055,94.19606478046626
1739274426057,94.76487541757524
1739274425059,94.52231975179166
1739274424048,94.23877870664
1739274423050,95.36679549142718
1739274422046,96.10998822562397
1739274421044,95.74513123836368
1739274420045,96.536681833677
1739274419044,94.23688192944974
1739274418050,94.28005484305322
1739274417039,93.95483089052141
1739274416037,94.24132897518575
1739274415042,93.81690577138215
1739274414037,93.63512105122209
1739274413039,94.19389758910984
1739274412047,94.09365017339587
1739274411045,94.19995716027915
1739274410048,95.08268244192004
1739274409048,95.35263933986425
1739274408044,95.7887883875519
1739274407042,95.43986978009343
1739274406048,95.70082735642791
1739274405043,95.03772412519902
1739274404040,95.63516241312027
1739274403045,96.57762952242047
1739274402043,96.62762495316565
1739274401039,96.92680576071143
1739274400042,97.34760758001357
1739274399042,97.5496382061392
1739274398038,98.16523915249854
1739274397039,98.524933190085
1739274396038,97.95986853633076
1739274395045,98.87679890729487
1739274394044,99.09492040518671
1739274393039,98.39300125744194
1739274392050,98.40208088327199
1739274391049,99.29299693740904
1739274390040,98.07318659219891
1739274389040,98.55740097165108
1739274388040,99.62767180707306
1739274387042,99.60870366357267
1739274386040,99.95916042104363
1739274385039,98.9968302603811
1739274384038,100.06399557925761
1739274383071,100.55688506457955
1739274382042,100.32023147679865
1739274381044,100.58627614658326
1739274380047,100.481361432001
1739274379043,101.3467316776514
1739274378043,101.90720487665385
1739274377048,103.72249265387654
1739274376045,102.74373106937855
1739274375044,103.74678774736822
1739274374048,102.70831872243434
1739274373041,104.04032834433019
1739274372050,104.93440297991037
1739274371050,105.9200076404959
1739274370036,106.91423937585205
1739274369059,107.75551386456937
1739274368067,107.75492177437991
1739274367040,109.75108824670315
1739274366047,111.84332817886025
1739274365028,112.42305242829025
1739274364179,113.45070926472545
1739274363032,114.58586370013654
1739274362026,115.4962949147448
1739274361035,115.17558362334967
1739274360043,115.2837801957503
1739274359036,115.6908900057897
1739274358033,116.06846068520099
1739274357041,115.72744466271251
1739274356047,115.86721437983215
1739274355035,116.26045180577785
1739274354032,116.20615860447288
1739274353045,116.30153658334166
1739274352038,116.40569494478405
1739274351029,116.35068235173821
1739274350033,116.56753923464566
1739274349035,116.7418892076239
1739274348035,116.91766624804586
1739274347034,116.72251530177891
1739274346036,116.61491081491113
1739274345031,117.01270118169487
1739274344042,116.69454818591475
1739274343033,116.90038459841162
1739274342032,116.93444695044309
1739274341034,116.9398958561942
1739274340031,117.01353544276208
1739274339032,117.11140645202249
1739274338034,117.2208590991795
1739274337035,117.12954372074455
1739274336032,116.81521464884281
1739274335034,116.89054501336068
1739274334039,117.02689593657851
1739274333041,117.10782651603222
1739274332032,117.05526848789304
1739274331037,117.42030388955027
1739274330034,117.05362724140286
1739274329032,117.12440978735685
1739274328039,117.03912739641964
1739274327037,117.04235396161675
1739274326029,117.19652399141341
1739274325029,117.29127640556544
1739274324036,117.22500406298786
1739274323029,116.82881072815508
1739274322033,117.01155873481184
1739274321037,117.6240106895566
1739274320031,117.27198464144021
1739274319034,116.9729451900348
1739274318033,117.34315374866128
1739274317041,117.18548685498536
1739274316037,117.00635267049074
1739274315045,117.24451593868434
1739274314075,117.26918344199657
1739274313034,117.19021572452039
1739274312033,117.34731953125447
1739274311032,117.53808463457972
1739274310035,117.23265124578029
1739274309040,117.13486124761403
1739274308033,117.01306988392025
1739274307037,117.17631307896227
1739274306031,116.91047095041722
1739274305035,116.84992805682123
1739274304037,116.93613499961793
1739274303042,116.93863776978105
1739274302033,117.22811236511916
1739274301033,117.07601433526725
1739274300042,116.87213711533695
1739274299033,117.0459072208032
1739274298032,116.98465673718601
1739274297041,116.96327157877386
1739274296032,116.98896336741745
1739274295032,117.00269270315766
1739274294031,116.92023889999837
1739274293038,116.73900892492384
1739274292034,116.48067067749798
1739274291031,116.34969696495682
1739274290030,116.27782220207155
1739274289036,116.06993001047522
1739274288052,115.99378777015954
1739274287035,115.8312756260857
1739274286050,115.91728886589408
1739274285042,115.64810477104038
1739274284034,115.87664475664496
1739274283063,115.6467355908826
1739274282036,115.27994725387543
1739274281034,114.69624439254403
1739274280045,114.77710192929953
1739274279031,114.99474138021469
1739274278033,114.64721815939993
1739274277038,114.67601094115525
1739274276041,114.39798760600388
1739274275038,114.1458216831088
1739274274040,113.87938265129924
1739274273035,113.33218592498451
1739274272042,113.51375648472458
1739274271042,114.3510020552203
1739274270042,113.71290283743292
1739274269036,113.31614559423178
1739274268033,112.99791777320206
1739274267043,112.97106062527746
1739274266029,114.17264804057777
1739274265043,114.1697105821222
1739274264050,114.06083592399955
1739274263041,114.52447868790478
1739274262048,113.72130992822349
1739274261049,114.09803908877075
1739274260053,114.76244736928493
1739274259037,114.82668432220817
1739274258039,115.32657346501946
1739274257036,115.48268425278366
1739274256031,115.88480634056032
1739274255032,117.21318057365716
1739274254037,116.91786540858448
1739274253032,116.9385346416384
1739274252042,116.73876115586609
1739274251034,116.55645235907286
1739274250035,116.43914772383869
1739274249032,116.56188729405403
1739274248034,115.95404529385269
1739274247044,116.44060436077416
1739274246029,116.12977152131498
1739274245033,115.6524201259017
1739274244034,116.10977765824646
1739274243038,115.63885623216629
1739274242042,114.92017337679863
1739274241040,115.01356112770736
1739274240039,114.73969472758472
1739274239041,114.66293961647898
1739274238034,114.19454254582524
1739274237041,113.87315878178924
1739274236041,113.76098189037293
1739274235040,113.27164138760418
1739274234032,112.7558965170756
1739274233035,112.36591692827642
1739274232045,111.85149794165045
1739274231030,112.02069882210344
1739274230040,111.10288467351347
1739274229041,110.35815930645913
1739274228035,110.19839094113559
1739274227046,110.01732744276524
1739274226038,109.50045288726687
1739274225040,109.02719694003463
1739274224041,108.8632458774373
1739274223040,108.4357082163915
1739274222041,107.84921016450971
1739274221044,107.84582672920078
1739274220040,107.50623934250325
1739274219032,107.4551937635988
1739274218030,107.17407982889563
1739274217031,106.57653250265867
1739274216033,106.12325698323548
1739274215036,106.12763828318566
1739274214040,105.9106837194413
1739274213034,106.17287723906338
1739274212027,105.46039131190628
1739274211056,104.73346473276615
1739274210059,104.17643523402512
1739274209064,103.77635293640196
1739274208044,103.81126446928829
1739274207047,103.8834433844313
1739274206043,103.80222716089338
1739274205044,102.95223484560847
1739274204037,102.31084598042071
1739274203038,102.17690453026444
1739274202030,101.43624700326473
1739274201032,101.43410784006119
1739274200042,101.27673316095024
1739274199043,100.5612615281716
1739274198048,101.79603316728026
1739274197041,101.08329683821648
1739274196043,101.43005600199103
1739274195045,101.46661669388413
1739274194045,101.02484128810465
1739274193057,101.06870836485177
1739274192057,101.14552048966289
1739274191056,100.80577025189996
1739274190057,100.23433765303344
1739274189046,100.19340858608484
1739274188055,100.48474262002856
1739274187054,100.4762718603015
1739274186047,100.47588515281677
1739274185046,100.11368675809354
1739274184055,100.20972862839699
1739274183067,100.30474575702101
1739274182056,100.07354661636055
1739274181052,100.42083929106593
1739274180061,99.91552208829671
1739274179049,100.31875647138804
1739274178041,100.21260953415185
1739274177047,100.15620565228164
1739274176043,100.03108534310013
1739274175043,99.56686638109386
1739274174042,99.27747418358922
1739274173049,99.44392658304423
1739274172048,99.84154416434467
1739274171042,99.93905368261039
1739274170049,100.253517979756
1739274169044,99.87105276342481
1739274168041,100.0654421793297
1739274167045,101.000362877734
1739274166048,100.51894060336053
1739274165048,100.65460734628141
1739274164049,101.0087725194171
1739274163999,100.86829721368849
1739274162049,100.32200346048921
1739274161041,100.84381605219096
1739274160049,100.65082940086722
1739274159035,100.34262857586145
1739274158043,100.59499471448362
1739274157044,100.25707423407584
1739274156046,100.05449252575636
1739274155045,99.57339872047305
1739274154047,99.80156282614917
1739274153049,99.77406839095056
1739274152052,99.29506083484739
1739274151047,99.0787865947932
1739274150050,99.33937401045114
1739274149046,99.00638224184513
1739274148049,98.46120827551931
1739274147037,98.75886345375329
1739274146036,99.37140744552016
1739274145042,99.33930876478553
1739274144040,98.63490973506123
1739274143041,98.49677316471934
1739274142044,99.13159380946308
1739274141040,98.89909065887332
1739274140042,99.3316452242434
1739274139049,99.3484923299402
1739274138039,99.21163788344711
1739274137045,99.02505142427981
1739274136040,99.1014599148184
1739274135042,99.4766990058124
1739274134041,99.32551492284983
1739274133046,99.05723720602691
1739274132049,99.3684648051858
1739274131042,99.63271974120289
1739274130043,99.47412383835763
1739274129041,100.24031427316368
1739274128048,100.23033880628645
1739274127057,100.14995807595551
1739274126049,100.37680090218782
1739274125040,100.44125313684344
1739274124042,100.68251103907824
1739274123041,100.74825517646968
1739274122059,100.66028913110495
1739274121057,100.6597094098106
1739274120054,100.1149958493188
1739274119043,100.43305847607553
1739274118048,100.09059460740536
1739274117049,100.31410110089928
1739274116049,100.11119564343244
1739274115049,100.69893095362931
1739274114048,100.70552568696439
1739274113049,101.24578548595309
1739274112047,101.30151584744453
1739274111044,101.341374238953
1739274110041,101.30818979535252
1739274109050,101.5357713624835
1739274108047,102.40582887362689
1739274107057,102.1082043480128
1739274106051,102.92085580155253
1739274105044,103.29884780850261
1739274104046,103.15607935283333
1739274103064,103.82630266156048
1739274102043,103.09629439655691
1739274101046,103.81754239555448
1739274100044,104.41849375888705
1739274099041,103.47982314694673
1739274098045,103.32584618683904
1739274097041,103.09457938279957
1739274096042,102.65258121304214
1739274095052,102.72512044198811
1739274094049,102.45979286171496
1739274093049,102.32930044364184
1739274092049,102.04905931279063
1739274091050,101.49420241080225
1739274090047,101.5005965968594
1739274089042,101.53481648024172
1739274088049,101.90008810255677
1739274087043,101.67596937250346
1739274086041,101.72238850872964
1739274085041,102.00219378713518
1739274084048,102.12121285870671
1739274083069,102.2683646986261
1739274082047,102.08537022862583
1739274081045,102.6042011808604
1739274080047,102.96168669778854
1739274079038,103.3340796167031
1739274078058,103.16095614433289
1739274077043,103.51669973600656
1739274076064,103.40998888760805
1739274075043,103.12016311846673
1739274074042,103.48833871260285
1739274073047,103.5377703346312
1739274072049,103.6764096589759
1739274071040,104.26932422444224
1739274070048,104.56419683434069
1739274069041,104.31105133797973
1739274068043,104.39859063271433
1739274067057,104.67785384412855
1739274066059,104.99874445330352
1739274065055,105.05268896743655
1739274064055,105.60609411168844
1739274063056,105.29352029412985
1739274062056,105.5013168817386
1739274061071,105.95616589393467
1739274060049,106.77677703276277
1739274059047,107.1199764283374
1739274058051,106.96615246869624
1739274057048,107.05172122642398
1739274056042,107.15523967333138
1739274055047,107.43875467311591
1739274054042,107.50379371177405
1739274053047,107.68066310696304
1739274052042,108.08506634552032
1739274051058,109.03265947382897
1739274050057,108.51131760235876
1739274049043,108.32147975452244
1739274048040,108.5626809084788
1739274047051,108.4847056614235
1739274046049,108.60011581797153
1739274045042,108.76756392791867
1739274044046,108.33093596342951
1739274043044,108.48981023672968
1739274042050,108.55845976807177
1739274041041,108.14397659245878
1739274040045,107.83174822665751
1739274039042,108.30625681672245
1739274038043,109.01439230144024
1739274037045,108.44704713486135
1739274036039,107.56610469333827
1739274035050,108.08710012864321
1739274034045,107.7051773397252
1739274033049,108.1494055595249
1739274032048,108.07682560384274
1739274031050,107.71860800031573
1739274030050,108.03642278723419
1739274029047,108.02342189382762
1739274028045,108.94749770592898
1739274027044,108.00005716271698
1739274026044,107.49059594515711
1739274025054,107.89950030017644
1739274024057,107.31057882029563
1739274023059,107.46924681868404
1739274022042,108.22222306579351
1739274021042,107.96612485684454
1739274020041,107.28229242935777
1739274019041,107.52126998454332
1739274018041,107.65906189754605
1739274017040,107.62957344669849
1739274016043,107.77735871542245
1739274015040,108.06223756168038
1739274014042,107.35689420439303
1739274013046,107.32012344151735
1739274012046,107.762761015445
1739274011036,107.3987273927778
1739274010043,107.31562992744148
1739274009042,107.60463109239936
1739274008043,107.49006577022374
1739274007050,106.97563765197992
1739274006045,107.08507701009512
1739274005040,106.47487665712833
1739274004035,106.53292439039797
1739274003037,106.64019914343953
1739274002037,106.49340590834618
1739274001033,106.65153308864683
1739274000032,107.02272261492908
1739273999042,107.02785192150623
1739273998051,106.71308163087815
1739273997060,106.86715419590473
1739273996035,107.17869110032916
1739273995046,107.01330367382616
1739273994040,108.47405302524567
1739273993036,108.43868857808411
1739273992044,108.45878993719816
1739273991043,108.3492421740666
1739273990042,109.00806901138276
1739273989044,109.1770105343312
1739273988041,108.70919262804091
1739273987043,108.66668315604329
1739273986043,109.0651484746486
1739273985042,109.11054144706577
1739273984043,109.03987209033221
1739273983071,109.25735276564956
1739273982044,109.56646648980677
1739273981039,109.4518812764436
1739273980042,109.13615375291556
1739273979042,109.43015566188842
1739273978043,109.09363756235689
1739273977045,109.8352457601577
1739273976050,110.46931561082602
1739273975046,110.7165601765737
1739273974043,110.7043322129175
1739273973048,110.52103315014392
1739273972041,110.41900606360286
1739273971048,110.44017639942467
1739273970041,110.78692037519068
1739273969055,110.99228269513696
1739273968044,111.27205295674503
1739273967044,112.05502098612487
1739273966048,112.20568151958287
1739273965045,112.46894295327365
1739273964046,112.03988295886666
1739273963069,111.35680970642716
1739273962047,111.87703214678913
1739273961050,111.05134784802794
1739273960048,110.86937080696225
1739273959042,110.92422346770763
1739273958042,111.40862847864628
1739273957045,111.2755568176508
1739273956047,111.12760521937162
1739273955053,111.4158777045086
1739273954042,111.00357722863555
1739273953037,110.76346028316766
1739273952089,111.24581982195377
1739273951821,110.3873301576823
1739273950359,110.51089610811323
1739273949115,110.33659861516207
1739273948420,110.53501776605844
1739273947219,110.47893074527383
1739273946717,110.36265625339001
1739273945148,110.34877056069672
1739273944062,110.46404739376158
1739273943299,109.98380048200488
1739273942120,109.9236373230815
1739273941123,110.14283896330744
1739273940206,110.17704477533698
1739273939101,110.41178094223142
1739273938068,110.15560309495777
1739273937140,110.31591792963445
1739273936049,110.2649947265163
1739273935176,110.33311325125396
1739273934053,110.51132304873317
1739273933268,110.42515031713992
1739273932095,110.62027043104172
1739273931238,110.65619195159525
1739273930372,110.66991078853607
1739273929137,110.32580542378128
1739273928299,110.72051876503974
1739273927213,110.69742670003325
1739273926221,110.42110245395452
1739273925094,110.25581765081733
1739273924130,109.94963539298624
1739273923153,109.65808817464858
1739273922082,109.89377112779766
1739273921115,110.03581415861845
1739273920057,109.29430897533894
1739273919056,109.12494311947376
1739273918065,108.63851488847286
1739273917088,108.24910655710846
1739273916127,107.87747210543603
1739273915181,108.11973700486124
1739273914050,108.28176686447114
1739273913043,108.20071472134441
1739273912050,108.02299593109637
1739273911051,108.05083983112127
1739273910043,107.8790955254808
1739273909051,108.03209313843399
1739273908045,108.0692942570895
1739273907049,107.60234301816672
1739273906040,107.19519704580307
1739273905051,107.07900010421872
1739273904042,107.95284225326031
1739273903044,106.78297058027238
1739273902043,106.41922080609947
1739273901041,106.58499820623547
1739273900042,106.54911181610078
1739273899044,106.71980601456016
1739273898049,106.58462559897453
1739273897042,105.74131850618869
1739273896049,106.41977540869266
1739273895049,106.50864627584815
1739273894049,107.07955977227539
1739273893050,106.77944391220808
1739273892041,107.76445110049099
1739273891044,107.94250351283699
1739273890048,107.718461163342
1739273889042,108.47713025379926
1739273888053,109.36530846171081
1739273887043,108.0042818095535
1739273886038,108.43911333102733
1739273885037,108.94728318694979
1739273884048,109.4976018955931
1739273883066,110.06058224197477
1739273882042,109.15342289023101
1739273881037,109.21140554361045
1739273880044,108.85368332173675
1739273879045,108.39889329578727
1739273878048,108.51864074449986
1739273877045,108.51621599122882
1739273876047,108.71849740855396
1739273875042,109.04276723228395
1739273874043,109.23835873324424
1739273873038,109.07157212868333
1739273872043,109.13590993080288
1739273871048,109.04639647714794
1739273870040,109.06785340607166
1739273869039,109.19730055704713
1739273868038,109.39386670105159
1739273867045,109.49635343626142
1739273866035,109.46951802168041
1739273865042,109.50646651349962
1739273864050,109.72912820149213
1739273863046,109.7180611025542
1739273862062,109.644978845492
1739273861057,109.3715835744515
1739273860041,109.64864566270262
1739273859047,109.442183974199
1739273858047,109.48444116674364
1739273857053,109.45478133205324
1739273856043,109.18863321747631
1739273855039,109.05325048416853
1739273854057,109.1510370913893
1739273853056,109.17685779090971
1739273852051,109.08742989134043
1739273851049,108.92238515522331
1739273850047,108.9649956356734
1739273849050,108.97504855226725
1739273848046,108.79475579410791
1739273847051,109.01963633764535
1739273846058,108.95146122947335
1739273845044,109.10528740286827
1739273844056,109.00131178833544
1739273843036,108.98698013741523
1739273842046,109.44576370436698
1739273841040,109.5021541332826
1739273840052,109.34261061064899
1739273839056,109.34958795271814
1739273838043,109.31162386201322
1739273837044,109.35479788389057
1739273836052,109.47832488175482
1739273835035,109.1262282654643
1739273834049,109.63682061713189
1739273833046,109.8695376040414
1739273832050,109.6926861256361
1739273831050,109.60903815273196
1739273830044,109.82159664295614
1739273829044,109.70893852319568
1739273828049,109.86141378059983
1739273827053,109.99512107018381
1739273826044,110.07002094388008
1739273825051,110.31789544317871
1739273824045,110.4791303249076
1739273823048,110.62197539955378
1739273822040,110.70554403122514
1739273821042,110.85930180270225
1739273820041,111.09596730489284
1739273819057,111.10661411471665
1739273818040,111.43209781870246
1739273817044,111.59921830892563
1739273816040,111.99319307692349
1739273815036,112.28318146802485
1739273814072,112.06391009315848
1739273813039,112.33589826151729
1739273812089,112.92399606853724
1739273811050,112.44312718510628
1739273810046,112.96661753486842
1739273809053,113.7620210731402
1739273808046,113.92789021506906
1739273807050,114.19619319215417
1739273806051,114.47018856555223
1739273805048,114.78040751256049
1739273804043,114.71131274010986
1739273803040,114.63500475510955
1739273802040,114.83984586875886
1739273801051,115.16044598072767
1739273800049,114.71644841786474
1739273799040,114.9665664229542
1739273798052,115.58640361856669
1739273797041,114.58375679329038
1739273796051,115.03878987487406
1739273795051,115.5732750473544
1739273794048,116.00712815579027
1739273793042,116.14570361748338
1739273792047,116.45673663914204
1739273791048,116.4528192114085
1739273790051,116.46336832270026
1739273789048,116.55185503512621
1739273788046,116.77123797871172
1739273787043,117.81183894816786
1739273786038,117.10447346325964
1739273785036,117.13318236265332
1739273784050,117.73878117930144
1739273783073,117.74503021407872
1739273782050,118.12302545644343
1739273781051,118.2474167747423
1739273780042,118.88764088880271
1739273779044,117.88308656122535
1739273778040,118.59183045942336
1739273777042,118.95097538921982
1739273776042,118.29144097771496
1739273775042,118.50170831382275
1739273774042,118.32827854994684
1739273773041,118.32905869651586
1739273772051,118.63285680208355
1739273771049,118.25191911961883
1739273770051,118.65330580528826
1739273769039,118.703175669536
1739273768047,119.23272495996207
1739273767057,120.09417667333037
1739273766042,119.71249440405518
1739273765055,119.90675676148385
1739273764056,120.26861452218145
1739273763073,120.44966062251478
1739273762058,120.94395742099732
1739273761055,121.14100328274071
1739273760041,120.95618753135204
1739273759048,120.9742270540446
1739273758047,121.08958447817713
1739273757045,121.66758361365646
1739273756041,122.04683529864997
1739273755056,121.41731284931302
1739273754052,121.55547856912017
1739273753069,121.65232211630791
1739273752046,121.76204669009894
1739273751042,121.8853713190183
1739273750049,121.55891347397119
1739273749048,122.2142726816237
1739273748041,122.06153977569193
1739273747041,121.43537632096559
1739273746045,122.1577054290101
1739273745048,121.72701541613787
1739273744046,121.4637758731842
1739273743050,121.10404662415385
1739273742058,121.5659764315933
1739273741056,122.00213513243943
1739273740048,122.24330530595034
1739273739038,122.57019059639424
1739273738047,123.08112528640777
1739273737048,123.1624387409538
1739273736051,123.43784047011286
1739273735048,124.18535281904042
1739273734048,124.13019644655287
1739273733051,124.98584987036884
1739273732051,124.95319201797247
1739273731041,124.27867482509464
1739273730043,123.97136433981359
1739273729064,124.15017520077527
1739273728074,124.07230342645198
1739273727064,124.39675349928439
1739273726069,124.86259290203452
1739273725047,125.01926999352872
1739273724042,125.19996754266322
1739273723039,126.33927586860955
1739273722051,126.11523173376918
1739273721054,126.32235017698258
1739273720044,125.9015660872683
1739273719040,125.80222368240356
1739273718042,125.45458348095417
1739273717044,124.99209951609373
1739273716039,124.92525100614876
1739273715047,123.50093821529299
1739273714043,124.19304859824479
1739273713039,124.31992957554758
1739273712047,124.65528574306518
1739273711045,125.33101588021964
1739273710047,124.76923929341137
1739273709041,124.50782149005681
1739273708049,124.72872560378164
1739273707042,125.29948138538748
1739273706049,124.58844798617065
1739273705038,124.9392446288839
1739273704040,125.57076054532081
1739273703046,125.81804733164608
1739273702036,126.27498613577336
1739273701045,126.7583348993212
1739273700051,126.13132195640355
1739273699045,126.83003097120672
1739273698055,126.62374837975949
1739273697040,127.16824568808079
1739273696045,127.65542303863913
1739273695039,127.61073609814048
1739273694046,126.70358488056809
1739273693046,127.22104449942708
1739273692042,128.06409639120102
1739273691052,128.7562856450677
1739273690045,127.77066500950605
1739273689050,129.135311787948
1739273688048,128.6233498128131
1739273687047,129.14018543157727
1739273686051,129.25578720588237
1739273685047,128.19254785124213
1739273684050,128.3717720899731
1739273683074,128.30309444386512
1739273682045,127.9694497231394
1739273681057,128.74657275807112
1739273680055,128.39872008096427
1739273679047,129.28899705130607
1739273678049,129.3415533201769
1739273677057,128.79542204923928
1739273676058,129.25160927604884
1739273675055,129.68411787226796
1739273674055,129.72273917030543
1739273673052,129.8055433286354
1739273672060,129.8328822152689
1739273671053,129.9646827057004
1739273670056,129.99042276572436
1739273669047,129.5601830529049
1739273668049,129.63362546544522
1739273667047,128.75874946080148
1739273666047,128.91333272028714
1739273665045,129.49008731544018
1739273664046,129.18346987944096
1739273663044,129.40558873768896
1739273662046,129.56245415937155
1739273661045,129.13110562507063
1739273660047,129.39195180218667
1739273659050,129.27443137019873
1739273658046,129.77691781148314
1739273657044,129.34441059827805
1739273656048,130.414667009376
1739273655044,129.76178424432874
1739273654038,130.40997092891484
1739273653049,130.72806118894368
1739273652050,130.55971078202128
1739273651051,130.73087241034955
1739273650050,130.53480769321322
1739273649037,130.26130732148886
1739273648041,130.55296367779374
1739273647043,131.0957884611562
1739273646052,131.49516857322305
1739273645046,131.39450937323272
1739273644056,132.0265630763024
1739273643048,133.0206027943641
1739273642047,133.02424767427146
1739273641040,133.93745159357786
1739273640045,134.20245064981282
1739273639053,134.31563572119921
1739273638049,134.46542927995324
1739273637051,134.49103019479662
1739273636046,134.44170539826155
1739273635043,134.78384009376168
1739273634047,134.76320842746645
1739273633046,134.82662931643426
1739273632047,134.62001959141344
1739273631041,135.50760802719742
1739273630047,135.83359254524112
1739273629046,135.62258832342923
1739273628048,135.53957495465875
1739273627036,135.30062853265554
1739273626057,134.3307651448995
1739273625055,134.3661407083273
1739273624056,134.46278037782758
1739273623060,134.42425394896418
1739273622049,134.31015427224338
1739273621046,134.43769149389118
1739273620045,134.4573156926781
1739273619036,134.4458554945886
1739273618051,134.95439010392874
1739273617052,134.6853408133611
1739273616048,134.16701892018318
1739273615049,134.02337166294456
1739273614047,133.64372358750552
1739273613051,134.24273408949375
1739273612051,133.9325331170112
1739273611048,134.11687072366476
1739273610049,133.70133202243596
1739273609049,134.04181935079396
1739273608048,133.42261015530676
1739273607046,133.19209204800427
1739273606050,133.48215692862868
1739273605048,133.3385320585221
1739273604042,133.00003889016807
1739273603049,132.49116155412048
1739273602045,132.35677736718208
1739273601050,132.47902169451118
1739273600051,133.28169809374958
1739273599046,132.72407843451947
1739273598045,133.00809486955404
1739273597045,132.55663988925517
1739273596051,132.81868859566748
1739273595041,132.83179736603051
1739273594041,132.85552659910172
1739273593048,133.21464665886015
1739273592048,133.62931196764112
1739273591046,133.29023942537606
1739273590067,133.9537727087736
1739273589048,133.88669328484684
1739273588050,134.30318171344697
1739273587057,134.52657631319016
1739273586052,134.26909492444247
1739273585051,134.53888978995383
1739273584049,134.35678511112928
1739273583075,134.916236480698
1739273582052,135.38145541585982
1739273581050,135.18560452852398
1739273580050,135.4344205968082
1739273579051,135.5731772556901
1739273578042,135.0575159760192
1739273577049,135.59729360975325
1739273576050,135.6909160669893
1739273575048,135.63635971583426
1739273574047,135.3145894454792
1739273573055,135.98344593588263
1739273572051,136.09993191435933
1739273571050,136.91006805282086
1739273570049,136.87549938075244
1739273569046,136.68579821940511
1739273568044,136.9271708065644
1739273567048,137.17208944167942
1739273566045,137.09759595710784
1739273565050,136.5976512534544
1739273564046,136.40857241954654
1739273563043,137.12896165717393
1739273562053,137.63771936576813
1739273561050,137.36232167109847
1739273560046,137.24795958492905
1739273559042,137.8170780511573
1739273558045,137.73114614281803
1739273557052,138.43844673689455
1739273556047,138.69021071959287
1739273555050,139.09738096315414
1739273554053,138.78993652574718
1739273553049,138.99842226877809
1739273552052,139.28335296921432
1739273551043,139.89361395314336
1739273550043,140.11295299045742
1739273549051,140.7659251689911
1739273548052,140.74442956410348
1739273547050,141.12454479932785
1739273546050,141.9766697185114
1739273545049,142.20323887001723
1739273544049,142.68339962605387
1739273543047,143.12266007438302
1739273542051,143.41523272078484
1739273541051,143.13167963828892
1739273540048,143.70168583560735
1739273539052,144.82466396316886
1739273538049,145.92385322134942
1739273537039,145.42368352320045
1739273536058,144.83613994624466
1739273535063,144.97273663524538
1739273534044,144.7318422216922
1739273533039,144.5403769556433
1739273532041,144.64085129555315
1739273531046,146.89569500088692
1739273530040,146.89580646157265
1739273529042,147.1538846027106
1739273528043,147.1347389370203
1739273527046,146.63886665552855
1739273526045,146.43617930356413
1739273525046,146.60269651655108
1739273524040,145.6320903422311
1739273523037,145.21881197206676
1739273522045,144.7911279052496
1739273521048,143.6425832659006
1739273520044,144.12844299152493
1739273519046,144.83486617170274
1739273518047,144.83585214894265
1739273517048,144.44584607612342
1739273516039,144.42726506944746
1739273515041,144.58234032429755
1739273514046,144.50055788829923
1739273513040,144.30712202563882
1739273512036,144.87134279776365
1739273511036,145.07053452916443
1739273510038,145.6582073038444
1739273509044,146.02609291952103
1739273508040,146.42222531605512
1739273507065,146.86804619524628
1739273506039,146.91688575781882
1739273505038,147.7166012832895
1739273504039,148.11876039486378
1739273503044,148.11713096126914
1739273502041,148.4934121351689
1739273501039,148.48262736853212
1739273500035,148.8936313195154
1739273499040,148.99192740861326
1739273498037,149.07542452868074
1739273497038,149.19682092498988
1739273496061,149.32317201513797
1739273495048,149.8464845372364
1739273494050,150.09506745357066
1739273493050,149.9388567917049
1739273492053,150.66950234863907
1739273491049,150.49397925194353
1739273490045,150.00529186613858
1739273489041,151.547846195288
1739273488042,151.14776067715138
1739273487048,150.9392280029133
1739273486050,150.5376933394
1739273485049,150.89601165428758
1739273484054,151.22139780782163
1739273483078,150.7859792020172
1739273482046,151.3024173984304
1739273481041,151.68600644171238
1739273480060,151.25030137971044
1739273479043,151.32758449669927
1739273478043,151.75117355026305
1739273477046,150.98515477310866
1739273476054,150.95289224851876
1739273475041,150.90168770309538
1739273474044,150.92130646295846
1739273473052,150.89300195407122
1739273472049,150.90913321170956
1739273471051,149.83161010593176
1739273470055,148.70839371625334
1739273469042,148.14574391767383
1739273468053,146.98228357639164
1739273467050,146.4632965149358
1739273466057,146.4176586503163
1739273465050,145.90395572315902
1739273464042,145.91549068316817
1739273463049,145.94782198406756
1739273462050,145.73687124624848
1739273461052,146.00447153113782
1739273460049,146.1465430809185
1739273459048,145.77454637177289
1739273458053,146.26696823351085
1739273457053,146.54896064847708
1739273456050,147.06998977530748
1739273455052,147.1565201887861
1739273454051,147.51790853217244
1739273453048,146.94196836836636
1739273452043,147.16746439877898
1739273451048,147.08530476596206
1739273450061,146.7251486890018
1739273449043,146.41738575138152
1739273448042,147.15212426148355
1739273447048,146.8585598077625
1739273446048,147.36614239681512
1739273445050,147.79471371416003
1739273444052,147.9603815600276
1739273443047,148.00485426094383
1739273442052,147.82399457134306
1739273441050,148.67519460618496
1739273440044,147.26396757829934
1739273439042,147.79939861781895
1739273438047,147.04074515402317
1739273437047,146.4241962628439
1739273436040,146.2682943372056
1739273435049,145.89207527786493
1739273434050,145.52696046512574
1739273433038,145.6659535523504
1739273432046,145.53463246207684
1739273431037,145.1622737487778
1739273430047,146.093202220276
1739273429048,145.92130268737674
1739273428044,145.7945120278746
1739273427047,145.57680980395526
1739273426060,144.47599750757217
1739273425048,144.79919534455985
1739273424049,144.84752259310335
1739273423056,145.94303341209888
1739273422040,146.53170075360686
1739273421061,146.48134464677423
1739273420037,146.41334237903357
1739273419039,146.71671353373677
1739273418067,146.71478825528175
1739273417037,146.82986786495894
1739273416046,146.98038316518068
1739273415045,146.95249297004193
1739273414038,146.686722506769
1739273413043,146.6807567672804
1739273412044,146.95637081284076
1739273411046,147.09960385411978
1739273410045,147.2909235553816
1739273409032,147.42183948215097
1739273408036,146.97376352082938
1739273407030,146.71313549019396
1739273406033,146.3343485565856
1739273405029,146.277923790738
1739273404035,146.40061599202454
1739273403041,145.9814530108124
1739273402055,144.81831638608128
1739273401056,144.03555157221854
1739273400055,143.87543860450387
1739273399053,143.78060163650662
1739273398057,143.5202159928158
1739273397060,143.5744785349816
1739273396052,143.52001004572958
1739273395052,143.6140371290967
1739273394063,143.44345267489552
1739273393045,143.51480050757527
1739273392049,143.45898254960775
1739273391050,142.9921392928809
1739273390045,143.37457121443003
1739273389049,143.25166870374233
1739273388054,143.14755127113312
1739273387056,143.33235855400562
1739273386055,143.04287338256836
1739273385055,143.23159677535295
1739273384058,143.20670789293945
1739273383074,143.4626156259328
1739273382046,143.37975548114628
1739273381040,143.24558679573238
1739273380044,143.52395833469927
1739273379034,143.51125669758767
1739273378047,143.30685081053525
1739273377040,143.66512368712574
1739273376042,143.46251725777984
1739273375043,143.03776030708104
1739273374039,143.2843588590622
1739273373044,142.95706921815872
1739273372049,143.06082643102854
1739273371045,142.3894601529464
1739273370035,142.6990122878924
1739273369046,142.63497925829142
1739273368044,143.21918364427984
1739273367046,143.3345768135041
1739273366051,143.31105020456016
1739273365053,143.30654035229236
1739273364047,144.29176388308406
1739273363047,143.57165852934122
1739273362043,143.8444708418101
1739273361040,143.7658734926954
1739273360040,143.6577090099454
1739273359048,143.7016472108662
1739273358047,143.25433038081974
1739273357045,143.16027414239943
1739273356040,142.22762595769018
1739273355038,142.40037858579308
1739273354041,141.9496760647744
1739273353047,141.80945704877377
1739273352045,141.93606412038207
1739273351046,142.35248164646327
1739273350043,143.27148360293359
1739273349048,143.1184840556234
1739273348049,143.91140029765666
1739273347045,141.0893732700497
1739273346047,142.53052817098796
1739273345031,142.81658208556473
1739273344049,142.57234175223857
1739273343049,144.08179240580648
1739273342039,142.71352988947183
1739273341048,142.9275093395263
1739273340037,142.26360038015991
1739273339042,142.3132814662531
1739273338043,142.0560381449759
1739273337042,141.7293551536277
1739273336039,141.08105489704758
1739273335046,141.6606626342982
1739273334042,140.6375183397904
1739273333047,140.36160550639033
1739273332048,140.65177247859538
1739273331042,140.44075404573232
1739273330048,140.62240644358099
1739273329042,140.74899809528142
1739273328047,140.50793493259698
1739273327042,141.05981018207967
1739273326051,140.36815575044602
1739273325048,140.74745858740062
1739273324036,138.9915153393522
1739273323040,139.24191387742758
1739273322044,139.405914042145
1739273321039,140.01076124142855
1739273320045,140.73943866882473
1739273319040,140.8992817029357
1739273318048,140.64432530850172
1739273317047,140.48973712231964
1739273316045,141.5416553625837
1739273315048,140.16592132858932
1739273314038,138.61521060019732
1739273313043,139.22061812411994
1739273312058,138.64140010718256
1739273311046,138.45236660912633
1739273310053,138.2751580765471
1739273309067,136.97748390678316
1739273308047,137.6553917368874
1739273307058,137.44007172901183
1739273306050,137.69346440583467
1739273305045,138.19267731253058
1739273304034,137.7994562163949
1739273303039,137.8910483913496
1739273302040,138.3846989311278
1739273301044,138.44657674711198
1739273300040,138.35307742096484
1739273299052,138.09213462471962
1739273298048,137.06980552338064
1739273297042,136.920906804502
1739273296041,135.90283925645053
1739273295040,136.53539072629064
1739273294041,136.91394928190857
1739273293040,136.49494044296443
1739273292034,136.79397995956242
1739273291038,136.86034676525742
1739273290036,137.25122856069356
1739273289035,137.11970451008528
1739273288039,137.48024717345834
1739273287044,137.9620196837932
1739273286039,137.47360601089895
1739273285039,135.81103008519858
1739273284052,136.09556749090552
1739273283065,136.5909865833819
1739273282059,136.7591564403847
1739273281041,135.36602178495377
1739273280042,134.67775261495262
1739273279044,134.00440344121307
1739273278044,134.0109670702368
1739273277043,134.59080981463194
1739273276039,134.21236451901495
1739273275038,134.46986499801278
1739273274040,133.3584259422496
1739273273042,135.12496795225888
1739273272045,134.58607185352594
1739273271041,134.4077112749219
1739273270047,134.5849730381742
1739273269047,134.28337409626693
1739273268048,133.97456963080913
1739273267047,133.96389289479703
1739273266047,134.0727191120386
1739273265049,134.2099104532972
1739273264040,133.86589124798775
1739273263046,133.19747773371637
1739273262043,133.42814617604017
1739273261056,132.5808887835592
1739273260045,131.55089844483882
1739273259049,131.50267608556896
1739273258044,132.54444491583854
1739273257038,131.70167158544064
1739273256048,131.92408253066242
1739273255049,132.20881124213338
1739273254045,131.06892478093505
1739273253064,128.69850808102638
1739273252046,130.02693826891482
1739273251045,129.62392355315387
1739273250042,129.26153180003166
1739273249047,128.88955158460885
1739273248049,127.92433677241206
1739273247047,128.47872840240598
1739273246051,128.29669310431927
1739273245053,127.15411703381687
1739273244045,127.01107369642705
1739273243050,127.11408038251102
1739273242049,127.1574259288609
1739273241048,126.54507663473487
1739273240047,126.2908148970455
1739273239044,126.7497249878943
1739273238050,126.23937325552106
1739273237047,125.99351841863245
1739273236041,125.71310793142766
1739273235047,125.56476874835789
1739273234044,125.76489222887903
1739273233049,124.75706279370934
1739273232045,124.95968041848391
1739273231050,125.50663618836552
1739273230044,124.5122496066615
1739273229040,124.2576139178127
1739273228046,123.95703633502126
1739273227055,123.78528251871467
1739273226065,123.73342463839799
1739273225047,123.07391884550452
1739273224048,122.9598169978708
1739273223045,123.44393166061491
1739273222048,123.80145695712417
1739273221040,123.48629762139171
1739273220051,122.94366741925478
1739273219045,121.72777943126857
1739273218048,121.52736460603774
1739273217053,121.25605462305248
1739273216048,121.64883560035378
1739273215042,120.9532176097855
1739273214041,120.63824313040823
1739273213047,121.20184579305351
1739273212042,120.94229118712246
1739273211042,120.59383330587298
1739273210047,120.23695211112499
1739273209046,120.48493864201009
1739273208047,119.78903676383197
1739273207050,119.93659153487533
1739273206041,119.65407132543623
1739273205037,119.675127514638
1739273204048,119.94206259585917
1739273203048,120.28536105528474
1739273202038,119.84315027296543
1739273201043,119.64930451847613
1739273200069,119.56527177989483
1739273199041,119.367506692186
1739273198063,119.01902350410819
1739273197044,119.50964972935617
1739273196045,119.0841645821929
1739273195049,119.10576038528234
1739273194050,119.4185247644782
1739273193048,118.7820753287524
1739273192047,118.14141104929149
1739273191043,118.14839956816286
1739273190044,118.67108974047005
1739273189046,118.17968050856143
1739273188051,119.61695962492377
1739273187051,119.11851651221514
1739273186048,118.03102915827185
1739273185046,117.7988951895386
1739273184047,117.49544181581587
1739273183065,117.10814020782709
1739273182040,116.83194148540497
1739273181048,117.02625774499029
1739273180049,117.04854162037373
1739273179048,117.21420322638005
1739273178045,116.87228083889931
1739273177048,116.4836784992367
1739273176059,116.82992997206748
1739273175048,116.75582346599549
1739273174046,116.53634363599122
1739273173045,115.67784812673926
1739273172064,115.22928384039551
1739273171040,114.91608902812004
1739273170047,113.95954926498234
1739273169039,113.53637818060815
1739273168048,112.91439601685852
1739273167047,112.46675394941121
1739273166044,111.70117895491421
1739273165046,110.97365037724376
1739273164046,110.97967046964914
1739273163045,110.64881469681859
1739273162047,110.13316550850868
1739273161048,108.93536617048085
1739273160040,108.58650073222816
1739273159049,108.64616733975708
1739273158044,108.29559399466962
1739273157053,108.29358285199851
1739273156056,107.60727084800601
1739273155050,107.34530876670033
1739273154047,107.79664061311632
1739273153047,106.79606295004487
1739273152047,106.90177498571575
1739273151045,106.35758319683373
1739273150037,105.87820469308645
1739273149051,106.19792926497757
1739273148042,106.41690112836659
1739273147049,105.49159557186067
1739273146052,105.60387050826102
1739273145046,106.06966447643936
1739273144049,106.43859625328332
1739273143040,106.6724128369242
1739273142067,107.04764171596617
1739273141048,107.63993162102997
1739273140045,107.61390839982778
1739273139039,108.061318567954
1739273138047,108.2621537502855
1739273137048,108.07120139244944
1739273136051,107.8396622473374
1739273135044,107.65686531085521
1739273134045,107.4322863696143
1739273133044,106.97840419784188
1739273132049,107.00761859398335
1739273131047,106.18283348996192
1739273130041,105.97553199995309
1739273129043,107.05817065387964
1739273128039,107.33047049771994
1739273127041,107.95829474925995
1739273126037,108.10670746862888
1739273125047,108.39681986067444
1739273124048,108.74575223587453
1739273123048,109.12958875764161
1739273122046,110.01792449969798
1739273121047,110.32352375611663
1739273120043,110.40977311506867
1739273119044,111.52214221283793
1739273118063,111.25198096875101
1739273117061,112.04955649282783
1739273116068,111.98156679887325
1739273115049,111.66234642919153
1739273114048,112.1990666249767
1739273113050,112.75467601418495
1739273112048,112.39841173402965
1739273111047,112.25875820126384
1739273110047,112.41951898764819
1739273109040,112.46603546477854
1739273108048,112.4426275966689
1739273107046,111.20619294513017
1739273106048,111.17294481862336
1739273105049,110.42905222717673
1739273104048,110.20746026560664
1739273103051,110.02686919271946
1739273102038,109.93598018120974
1739273101047,110.27297416329384
1739273100041,110.05638292524964
1739273099047,109.73798042815179
1739273098041,109.76561462320387
1739273097042,109.05616903398186
1739273096040,108.79402390960604
1739273095049,108.47019585501403
1739273094038,109.4219378978014
1739273093059,109.52527697384357
1739273092037,110.20953773614019
1739273091040,109.75445015821606
1739273090038,110.19043739046901
1739273089038,109.89776327088475
1739273088037,109.59263811632991
1739273087037,109.48930226359516
1739273086041,109.27345253434032
1739273085038,108.9448145441711
1739273084049,109.18835588451475
1739273083071,109.95751370768994
1739273082039,109.83728576917201
1739273081046,109.4535857392475
1739273080048,109.37708329316229
1739273079040,109.16192355938256
1739273078048,108.49023380503058
1739273077049,108.68833718262613
1739273076041,108.3574549369514
1739273075045,107.67432044725865
1739273074046,108.19621046818793
1739273073040,107.60174691677094
1739273072049,107.65827459190041
1739273071038,106.96077477931976
1739273070041,106.63394121453166
1739273069041,106.34666368085891
1739273068041,106.27464098483324
1739273067037,105.5345139335841
1739273066041,105.09544006176293
1739273065047,104.97529164329171
1739273064037,105.13151463493705
1739273063048,104.90168805420399
1739273062060,104.9394890256226
1739273061039,104.14433848392218
1739273060061,104.3662371719256
1739273059050,103.83051231689751
1739273058040,102.7192687895149
1739273057049,102.77848134562373
1739273056049,102.30693224072456
1739273055035,101.7108763679862
1739273054050,101.61099077574909
1739273053049,102.42873006593436
1739273052044,102.31435067765415
1739273051041,102.30202105734497
1739273050043,103.19050931558013
1739273049043,103.68287613149732
1739273048049,102.9784465925768
1739273047041,102.75593157391995
1739273046041,102.70151898358017
1739273045048,102.19044791441411
1739273044046,102.61976257525384
1739273043033,102.5303146513179
1739273042048,102.72082463558763
1739273041048,102.90983190760016
1739273040040,103.09477754496038
1739273039049,102.79124076198786
1739273038048,102.98012375086546
1739273037032,102.84851963631809
1739273036039,102.38554958812892
1739273035062,102.33272918034345
1739273034064,102.46664783451706
1739273033041,102.17217680066824
1739273032040,102.07537208218127
1739273031038,101.46553927939385
1739273030040,101.20524281170219
1739273029049,101.92954886425287
1739273028038,102.12731472123414
1739273027048,101.23464874085039
1739273026050,101.75804067682475
1739273025039,101.96459632739425
1739273024047,102.42384935636073
1739273023049,102.09407313726842
1739273022042,102.2891658693552
1739273021047,101.64461889397353
1739273020049,101.9162202263251
1739273019041,102.53354142792523
1739273018046,102.56490658130497
1739273017049,103.05292004719377
1739273016044,102.94000414386392
1739273015038,103.16303153149784
1739273014048,102.92508099321276
1739273013035,102.69555334746838
1739273012047,102.30638118088245
1739273011044,101.92827971931547
1739273010040,101.7054607346654
1739273009042,101.03371848724782
1739273008041,100.11843357793987
1739273007050,99.95523187797517
1739273006043,99.71659278776497
1739273005058,100.0115774795413
1739273004040,100.12973469123244
1739273003047,100.04057531617582
1739273002039,100.33206833805889
1739273001038,100.268349615857
1739273000046,100.26805608626455
1739272999046,99.5407425025478
1739272998044,99.83344054501504
1739272997041,99.74197926465422
1739272996050,99.15296008437872
1739272995038,99.14892366714776
1739272994043,99.09489552676678
1739272993032,99.74013957660645
1739272992041,98.54796926677227
1739272991047,98.49949817731977
1739272990050,98.08933204039931
1739272989045,98.26315279956907
1739272988036,98.14990005642176
1739272987044,98.10751215554774
1739272986037,98.70569702424109
1739272985043,98.53518074192107
1739272984048,98.94974901061505
1739272983068,98.59656474273652
1739272982047,98.58016936294734
1739272981048,98.68409242201596
1739272980052,98.13978161197156
1739272979059,98.1010836288333
1739272978046,98.01684881746769
1739272977041,98.58152627199888
1739272976048,98.17418684531003
1739272975040,99.1370067903772
1739272974041,99.72186788450927
1739272973046,99.955601233989
1739272972049,100.10838857386261
1739272971040,100.20926278363913
1739272970048,100.79139162786305
1739272969049,101.49714672937989
1739272968039,101.92656314279884
1739272967045,102.04748996160924
1739272966048,101.88900942448527
1739272965041,101.77555948868394
1739272964040,101.53239386808127
1739272963041,102.02479148376733
1739272962049,102.03334571328014
1739272961049,102.08095525763929
1739272960051,102.20555340778083
1739272959048,102.27754951734096
1739272958046,102.9528327062726
1739272957053,103.33486167527735
1739272956043,103.83263288252056
1739272955060,103.55690856464207
1739272954049,103.58723456878215
1739272953037,103.45871751289815
1739272952047,103.77307452075183
1739272951044,103.99311281554401
1739272950036,104.43907014466822
1739272949036,105.08960590139031
1739272948044,105.00580832362175
1739272947037,105.60594856087118
1739272946037,105.92260667588562
1739272945050,106.06504493858665
1739272944052,106.28156871162355
1739272943048,106.55061994306743
1739272942043,106.88017757423222
1739272941044,107.34151426330209
1739272940047,107.66772198490798
1739272939052,107.97823956329376
1739272938043,107.58805370237678
1739272937046,107.45631561242044
1739272936041,108.09760586638004
1739272935039,108.2443205844611
1739272934044,107.90330900065601
1739272933050,107.94993361644447
1739272932051,108.29290361143649
1739272931046,108.64379462040961
1739272930049,108.61690514348447
1739272929041,109.16735751926899
1739272928050,109.30787152983248
1739272927050,109.37882737163454
1739272926036,109.07040482480079
1739272925044,109.28738289419562
1739272924041,109.15890560112894
1739272923048,109.39192477799952
1739272922072,110.05181220546365
1739272921044,110.4233291419223
1739272920049,110.55209456756711
1739272919043,110.61377949919552
1739272918737,111.11314834840596
1739272917806,111.60616370197386
1739272916777,111.79163397476077
1739272915802,111.78333499003202
1739272914711,112.50878427736461
1739272913048,112.10562768299133
1739272912047,112.74808238632977
1739272911043,113.90116963442415
1739272910049,113.90696616377681
1739272909049,114.08294168487191
1739272908048,115.08807198517025
1739272907046,115.50423194747418
1739272906040,116.03137119114399
1739272905038,116.25681630708277
1739272904042,116.4514552205801
1739272903043,117.13959704339504
1739272902043,117.93552664946765
1739272901048,118.1237180698663
1739272900043,118.50514186639339
1739272899051,118.0854404848069
1739272898049,118.641352487728
1739272897050,118.9722151523456
1739272896049,119.46082032006234
1739272895062,119.93455965816975
1739272894039,120.06686701439321
1739272893051,120.54064267128706
1739272892048,120.61479464452714
1739272891050,121.15769710857421
1739272890047,121.22849855665118
1739272889053,121.5968616772443
1739272888048,121.7786968704313
1739272887051,122.30053220223635
1739272886041,122.22514133807272
1739272885046,122.99678300600499
1739272884043,123.72082770150155
1739272883078,123.71926247607917
1739272882049,124.07203867193311
1739272881049,124.27028627414256
1739272880048,124.7351823458448
1739272879048,124.75368642248213
1739272878048,124.9285495094955
1739272877042,125.30430457834154
1739272876050,125.38673679810017
1739272875039,126.21369008999318
1739272874044,126.19914874155074
1739272873043,126.53230492863804
1739272872034,126.88479867111892
1739272871043,127.57475855015218
1739272870056,127.31869197450578
1739272869050,127.44108613207936
1739272868048,127.608917478472
1739272867059,128.1278946250677
1739272866051,128.56693136133254
1739272865042,128.76811970304698
1739272864051,128.97999996319413
1739272863049,128.60007150936872
1739272862048,129.6451912606135
1739272861048,130.3260172381997
1739272860042,130.61757564358413
1739272859043,130.88957832753658
1739272858048,131.43267183750868
1739272857049,131.4209738196805
1739272856049,131.985882692039
1739272855043,132.21133935358375
1739272854049,132.78241110686213
1739272853048,132.91110606864095
1739272852050,133.16111457906663
1739272851046,133.62233038712293
1739272850044,133.1800878830254
1739272849049,132.95586775243282
1739272848045,133.372494161129
1739272847049,133.6908281231299
1739272846045,133.6147199338302
1739272845052,134.29548891820014
1739272844049,134.58617111295462
1739272843049,135.48115981277078
1739272842055,135.44247403927147
1739272841043,135.49603081401438
1739272840044,135.9354715300724
1739272839040,135.6320426389575
1739272838050,135.8567991843447
1739272837049,135.8445490412414
1739272836050,136.311028749682
1739272835045,136.21414790023118
1739272834046,136.4231505030766
1739272833046,136.6495534479618
1739272832049,136.23453142959625
1739272831043,136.18436456751078
1739272830041,135.81549401860684
1739272829049,135.7479969523847
1739272828050,136.01005055196583
1739272827043,136.33898277953267
1739272826043,136.07943458948284
1739272825040,136.50733803864568
1739272824038,135.82919170614332
1739272823048,136.2341571720317
1739272822045,136.49620688147843
1739272821037,136.336148198694
1739272820049,136.44450225215405
1739272819042,136.7972878953442
1739272818046,136.92739962041378
1739272817049,136.33935933653265
1739272816048,136.4448137897998
1739272815044,136.0093359304592
1739272814049,135.9321364434436
1739272813042,136.2038047555834
1739272812052,136.5062704095617
1739272811050,136.02024814579636
1739272810055,135.46420859452337
1739272809038,136.6243567140773
1739272808045,137.27981099206954
1739272807043,137.58211970608681
1739272806060,137.79685007873923
1739272805050,137.53595552872866
1739272804054,137.67976010311395
1739272803045,138.27685912884772
1739272802042,137.864836582914
1739272801042,138.66218855138868
1739272800037,138.89621861837804
1739272799049,138.73554366454482
1739272798050,138.9411360900849
1739272797043,138.9317419147119
1739272796044,139.2883774768561
1739272795043,139.41667209472507
1739272794051,139.6514879092574
1739272793050,139.04834493529052
1739272792044,139.54148940183222
1739272791046,139.62893246207386
1739272790052,140.48302819300443
1739272789057,140.8924223743379
1739272788041,141.39637825079262
1739272787049,141.67030655033886
1739272786044,141.32048466894776
1739272785040,141.33932151831686
1739272784047,141.66784815490246
1739272783057,141.51471886225045
1739272782050,142.11472549848258
1739272781041,142.53383751306683
1739272780035,142.52921761851758
1739272779041,142.44165699277073
1739272778047,143.10400351136923
1739272777049,142.829035513103
1739272776041,142.5556320734322
1739272775050,143.09625345561653
1739272774048,142.80541085079312
1739272773046,143.03841316420585
1739272772038,143.00958048459142
1739272771048,142.67318685445935
1739272770040,142.68338472675532
1739272769050,142.06430114340037
1739272768050,141.76078109350055
1739272767051,141.55516925267875
1739272766051,141.4126481777057
1739272765046,141.6543092271313
1739272764040,142.23926731105894
1739272763049,141.90870641637594
1739272762049,141.6538950940594
1739272761055,141.81624842621386
1739272760048,142.08965274132788
1739272759056,142.00194264389575
1739272758067,142.62063757702708
1739272757075,142.14156539086252
1739272756041,141.8753033420071
1739272755045,141.91684994567186
1739272754041,141.92526000924408
1739272753052,141.98067896906286
1739272752048,142.32559514883906
1739272751045,142.22330875974149
1739272750037,142.41988057550043
1739272749043,142.39516075793654
1739272748040,142.73374796379358
1739272747043,142.83901806548238
1739272746054,142.7941228505224
1739272745052,142.97854477260262
1739272744046,143.734599837102
1739272743054,144.29966274183244
1739272742045,143.84690208360553
1739272741052,143.71601020824164
1739272740045,143.73421930149198
1739272739049,143.66778679285198
1739272738050,143.24237948749214
1739272737052,143.03205088712275
1739272736038,143.0671532303095
1739272735037,142.79878188483417
1739272734041,143.28438222780824
1739272733040,142.22595939505845
1739272732055,142.99342713598162
1739272731048,142.78517410717905
1739272730047,142.75993792992085
1739272729045,142.87648350652307
1739272728043,142.3805829193443
1739272727046,143.0118490960449
1739272726051,142.61834058258682
1739272725043,142.30185741279274
1739272724043,142.08571991045028
1739272723042,142.0863439673558
1739272722039,141.73309384845197
1739272721047,141.78996444307268
1739272720048,141.72562621720135
1739272719043,142.1514929579571
1739272718045,142.4827968776226
1739272717050,142.42903008125722
1739272716044,142.6117779230699
1739272715050,142.7087240330875
1739272714046,142.9760545603931
1739272713051,143.08828936051577
1739272712048,143.19196159299463
1739272711038,143.2347390782088
1739272710054,143.28667446877807
1739272709044,143.54264698922634
1739272708047,144.11021682154387
1739272707039,144.30654827598482
1739272706040,144.6780634019524
1739272705045,144.0619930550456
1739272704038,144.27423329651356
1739272703050,143.57101867720485
1739272702042,143.88956995401531
1739272701044,143.49405784811825
1739272700044,143.49497356358916
1739272699042,143.8200102020055
1739272698053,143.3962231669575
1739272697044,142.9838125826791
1739272696045,142.80727246869355
1739272695044,143.0887718014419
1739272694043,143.06398125831038
1739272693052,143.10220236424357
1739272692041,142.7826781962067
1739272691045,142.99564963951707
1739272690050,142.58713322505355
1739272689039,142.30538213066757
1739272688050,141.87032764218748
1739272687050,142.04846400301903
1739272686045,141.89003238640726
1739272685044,141.706576324068
1739272684049,141.1644729198888
1739272683066,141.5598631259054
1739272682050,141.49608197063208
1739272681047,141.6916165864095
1739272680044,141.6882350165397
1739272679059,140.98468496184796
1739272678038,140.985212771222
1739272677065,141.5364935034886
1739272676050,141.38813601527363
1739272675057,141.3916178289801
1739272674049,141.36491628922522
1739272673052,140.97085250727832
1739272672045,140.7305708192289
1739272671050,140.78652663435787
1739272670048,140.86861259955913
1739272669044,141.01508178003132
1739272668042,141.12092048116028
1739272667050,141.14338986296207
1739272666050,140.88435767311603
1739272665054,140.53427732083946
1739272664049,140.7720989510417
1739272663044,140.75365847349167
1739272662047,140.80829147528857
1739272661051,141.96797276753932
1739272660051,142.84312795381993
1739272659043,142.3372867880389
1739272658046,142.439707942307
1739272657045,142.7614188073203
1739272656045,143.32422375120223
1739272655041,143.47737438883632
1739272654038,143.36450344137847
1739272653055,143.81526076700538
1739272652045,144.0040515428409
1739272651047,144.57195772137493
1739272650051,144.97486608382314
1739272649048,144.597975182347
1739272648060,143.93137166649103
1739272647054,143.80315431021154
1739272646067,143.5870479736477
1739272645041,143.03479399066418
1739272644049,141.5140083823353
1739272643043,143.54340139217675
1739272642051,143.59160350076854
1739272641052,143.8880572291091
1739272640049,143.49798832647502
1739272639036,143.37091686204076
1739272638048,143.5996367475018
1739272637049,143.75833420548588
1739272636043,143.55387844890356
1739272635047,144.18596957530826
1739272634057,144.79320293758065
1739272633056,144.6264650579542
1739272632049,143.41145393811166
1739272631050,144.0789682082832
1739272630041,144.41657259780914
1739272629034,144.5999491252005
1739272628039,144.78382955119014
1739272627034,145.2289900071919
1739272626164,144.98736821394414
1739272625038,145.12247553095222
1739272624041,144.8462657732889
1739272623036,144.65047624148428
1739272622049,145.2213079612702
1739272621044,145.4395397240296
1739272620042,145.20149980764836
1739272619038,145.29233406856656
1739272618032,145.21821778919548
1739272617033,145.37524459231645
1739272616049,145.64063663687557
1739272615032,145.43698907084763
1739272614036,145.26845107693225
1739272613041,145.38838020619005
1739272612043,145.23180264420807
1739272611052,145.4635819355026
1739272610042,145.73419487848878
1739272609051,145.7858720496297
1739272608039,145.92235254123807
1739272607035,145.54882467724383
1739272606038,145.88550273422152
1739272605038,146.84912498574704
1739272604042,146.45667112711817
1739272603038,146.57058485317975
1739272602047,147.37428859155625
1739272601033,147.51625054236501
1739272600045,147.67561585549265
1739272599031,148.0114947007969
1739272598028,148.22996057476848
1739272597032,148.31217007804662
1739272596026,148.7319420343265
1739272595030,148.73868146259338
1739272594031,148.76073677185923
1739272593034,149.95662712864578
1739272592039,149.95662712864578
1739272591036,149.87173020094633
1739272590032,149.86562061775476
1739272589036,150.08259525336325
1739272588031,150.50026789028198
1739272587030,150.72872406803071
1739272586033,150.6263954155147
1739272585033,150.5521075744182
1739272584035,151.0455588195473
1739272583062,151.0455588195473
1739272582034,151.06333711370826
1739272581035,151.3334292685613
1739272580037,151.6049450468272
1739272579029,151.332276199013
1739272578030,151.54339840169996
1739272577038,151.45302975457162
1739272576036,151.57340276427567
1739272575042,151.42259639687836
1739272574046,151.10270206350833
1739272573043,150.3692184491083
1739272572048,149.90642684977502
1739272571045,149.54524572659284
1739272570042,149.2973633473739
1739272569041,148.88575055543333
1739272568049,148.78333524242043
1739272567039,148.7211116841063
1739272566041,148.37593550235033
1739272565053,148.59409172460437
1739272564039,148.28059870749712
1739272563041,148.0573374275118
1739272562038,148.0135807003826
1739272561038,147.89334780629724
1739272560032,148.10117717459798
1739272559048,148.49569228757173
1739272558032,148.16173644084483
1739272557038,148.05019838828593
1739272556042,148.14080835413188
1739272555041,148.57345127593726
1739272554041,148.3799341181293
1739272553039,148.7281195251271
1739272552036,149.10336326994002
1739272551042,148.96196406055242
1739272550049,148.21343695838004
1739272549036,148.18830251321197
1739272548037,147.57803539186716
1739272547038,147.20719291828573
1739272546043,146.83767632674426
1739272545038,146.7675178339705
1739272544038,146.76256795879453
1739272543035,146.30215875897557
1739272542038,146.15244122128934
1739272541037,146.15519722178578
1739272540032,145.9032579176128
1739272539038,145.6325780125335
1739272538029,145.42539940681309
1739272537046,145.1620749561116
1739272536042,144.82913656625897
1739272535039,145.06309318263084
1739272534040,145.07041441369802
1739272533044,145.59928580373526
1739272532044,145.46852170210332
1739272531035,145.375372919254
1739272530048,145.55755761172622
1739272529048,145.64969862625003
1739272528045,145.24367294088006
1739272527040,145.015771150589
1739272526048,145.07932680100203
1739272525050,144.94253645837307
1739272524033,144.52819643169641
1739272523032,144.27316535450518
1739272522040,144.72810422535986
1739272521039,144.3888270109892
1739272520049,144.6779081923887
1739272519050,144.8530987612903
1739272518041,145.1181079754606
1739272517044,145.39403957035393
1739272516039,144.11512697674334
1739272515042,143.96349878422916
1739272514048,143.8266818858683
1739272513046,143.8918863190338
1739272512048,144.0437298696488
1739272511041,144.30407284200191
1739272510052,144.4885821212083
1739272509041,145.12707015965134
1739272508050,145.25563680846244
1739272507041,145.64398020505905
1739272506057,145.46939394809306
1739272505039,145.31028293445706
1739272504051,144.75089679285884
1739272503051,145.67416976112872
1739272502044,144.2804478397593
1739272501049,144.43170853424817
1739272500044,143.98251930158585
1739272499052,144.2223626282066
1739272498054,144.5948738809675
1739272497044,144.80759365670383
1739272496047,144.62545012217015
1739272495061,143.48262594547123
1739272494051,143.91634941007942
1739272493050,144.34893385134637
1739272492049,143.67790452484041
1739272491048,142.84378808364272
1739272490048,143.4131505386904
1739272489041,144.26206772308797
1739272488038,144.0376294059679
1739272487043,144.20107174105942
1739272486057,144.94369949307293
1739272485057,144.11465087998658
1739272484055,144.28077577613294
1739272483060,139.62203291151673
1739272482042,139.59252767730504
1739272481050,140.44613590370864
1739272480051,139.32421098370105
1739272479039,138.5625631250441
1739272478043,138.32764880452305
1739272477050,137.52408092468977
1739272476043,137.54756671655923
1739272475047,135.8327064337209
1739272474044,135.18103710748255
1739272473053,135.22747226804495
1739272472048,136.1211450267583
1739272471043,137.34871686808765
1739272470046,136.66877450235188
1739272469051,136.07017426285893
1739272468044,134.76536427624524
1739272467040,136.93687266949564
1739272466048,136.6775586269796
1739272465041,137.4725225493312
1739272464044,138.23764068819582
1739272463048,137.5909628951922
1739272462043,137.52453816123307
1739272461065,138.44382336642593
1739272460041,138.65467755589634
1739272459039,138.65822076052427
1739272458053,138.66302285995334
1739272457049,138.56692911311984
1739272456057,138.81265773251653
1739272455060,138.97966085281223
1739272454041,138.05186234693974
1739272453037,137.80107234418392
1739272452044,138.141314573586
1739272451037,137.75085006747395
1739272450040,138.0707786399871
1739272449039,138.6089457431808
1739272448044,137.2749092001468
1739272447039,137.15120402444154
1739272446046,137.2364835012704
1739272445049,136.6262676231563
1739272444045,136.6203062608838
1739272443051,136.89875149540603
1739272442047,137.36558082699776
1739272441044,136.2528876652941
1739272440050,136.17970222886652
1739272439046,134.85133575368673
1739272438043,135.55047969520092
1739272437049,136.05004965513945
1739272436038,135.396131914109
1739272435041,134.34333046060055
1739272434042,133.11597828101367
1739272433051,133.96259608492255
1739272432041,134.2207237118855
1739272431040,134.75258900225163
1739272430051,134.46285756863654
1739272429042,134.72174509428442
1739272428054,134.1155554531142
1739272427066,133.74348470102996
1739272426042,133.24218700826168
1739272425051,133.5669386005029
1739272424050,132.90021384041756
1739272423049,131.58932312764227
1739272422044,131.4534007748589
1739272421049,130.96239852067083
1739272420042,130.83965783473104
1739272419042,130.74090255983174
1739272418041,130.97893023584038
1739272417051,129.30770390760154
1739272416042,128.06045159511268
1739272415044,127.50168016832322
1739272414040,127.18538355734199
1739272413043,128.33999586571008
1739272412040,127.63376876246184
1739272411045,126.34370283130556
1739272410041,125.76343437284231
1739272409050,124.37698867917061
1739272408047,123.8608036916703
1739272407042,124.36311380844563
1739272406041,126.00075775012374
1739272405039,125.92899648100138
1739272404032,126.13169595226645
1739272403049,126.32930884696543
1739272402058,126.3127211118117
1739272401035,126.50697629060596
1739272400041,125.62366934400052
1739272399035,127.88300596363842
1739272398038,127.7075722143054
1739272397042,126.84281650930643
1739272396048,127.50636325776577
1739272395043,126.42243442963809
1739272394051,126.52679287735373
1739272393046,125.82698840089142
1739272392046,125.77903563715518
1739272391050,125.07985654566437
1739272390049,125.86636707000434
1739272389042,125.64542136061937
1739272388049,126.25304494053125
1739272387041,126.37041133455932
1739272386041,126.32047774735838
1739272385048,125.55875132512301
1739272384042,124.97659219056368
1739272383071,124.2627591341734
1739272382042,124.82816674932837
1739272381042,124.51185770891607
1739272380043,124.8508856119588
1739272379052,124.11879669316113
1739272378042,124.23243080917746
1739272377043,124.0803955020383
1739272376052,123.02746515721083
1739272375044,123.42323685903102
1739272374040,122.79250747244805
1739272373042,123.05634173192084
1739272372042,121.47751601971686
1739272371042,120.60616367403418
1739272370041,122.14419626351446
1739272369044,122.55665870569646
1739272368041,122.19372575543821
1739272367049,121.35938430950046
1739272366049,121.60149887576699
1739272365040,122.25620268471539
1739272364038,121.27422302868217
1739272363942,121.9098564805463
1739272362041,121.01999688707292
1739272361042,120.67132706288248
1739272360042,122.68603980541229
1739272359039,122.09792552143335
1739272358040,121.65641816798598
1739272357042,122.9545260053128
1739272356043,118.34653798583895
1739272355040,117.87054595910013
1739272354042,117.3128943471238
1739272353043,116.18865230772644
1739272352038,114.59058518428355
1739272351057,114.81947391107678
1739272350043,115.20579809229821
1739272349038,114.73623752873391
1739272348042,113.6812130305916
1739272347036,113.57418512366712
1739272346035,112.81251490674913
1739272345037,112.26133842114359
1739272344045,111.82802194543183
1739272343041,111.69774102326483
1739272342042,111.42817004676908
1739272341041,111.1941444221884
1739272340039,110.88458859734237
1739272339039,110.81060309242457
1739272338042,110.95984996762127
1739272337040,110.3912322903052
1739272336050,110.82092436309904
1739272335039,110.40150666702539
1739272334049,109.70704993605614
1739272333048,108.48262486048043
1739272332043,108.34596937242895
1739272331041,107.14109745249152
1739272330046,107.05374988354743
1739272329048,108.87999776378274
1739272328041,107.87716720439494
1739272327045,106.6505211694166
1739272326041,106.9906031889841
1739272325038,107.50813417788595
1739272324042,108.76497891638428
1739272323052,108.96062943339348
1739272322035,109.18781590554863
1739272321037,109.24147813674062
1739272320035,109.1416548024863
1739272319036,108.95506156794727
1739272318041,108.20669117290527
1739272317043,108.372777919285
1739272316033,109.63878717087209
1739272315038,110.05542001128197
1739272314034,110.7439592294395
1739272313035,110.04060412570834
1739272312034,109.49004194512963
1739272311037,109.32389354240149
1739272310041,108.84274410642684
1739272309041,108.93923074007034
1739272308043,108.44717486016452
1739272307040,108.07666761055589
1739272306038,107.7978008678183
1739272305035,107.63861610554159
1739272304160,107.41269399784505
1739272303041,107.41806841176003
1739272302040,107.05637082178146
1739272301048,107.0304709719494
1739272300047,107.66194718144834
1739272299040,107.56747402064502
1739272298054,107.78629514295608
1739272297038,107.13373606838286
1739272296045,107.13085356913507
1739272295064,107.41606217436492
1739272294049,107.52086174674332
1739272293043,107.93236531596631
1739272292049,107.95645067282021
1739272291044,107.91020003519952
1739272290039,106.71346378605813
1739272289048,107.0181640740484
1739272288041,107.57377909310162
1739272287044,107.15979632921517
1739272286048,107.10741910431534
1739272285043,106.79821967892349
1739272284041,106.9388437634334
1739272283068,106.99282107688487
1739272282044,107.33580953627825
1739272281042,106.86756334919482
1739272280051,106.85843220539391
1739272279046,106.85177122522146
1739272278041,106.7422207267955
1739272277043,106.78612614609301
1739272276041,106.69049423374236
1739272275040,106.39501004386693
1739272274044,106.46635262854397
1739272273047,106.41269226931036
1739272272043,106.60376851074398
1739272271044,106.4993620030582
1739272270047,106.51209663506597
1739272269054,106.42171993479133
1739272268063,105.98335769493133
1739272267049,106.00228644348681
1739272266041,106.00621290225536
1739272265041,106.18894597515464
1739272264041,105.99684331286699
1739272263044,105.80453386716545
1739272262041,105.42449879832566
1739272261039,105.08809731062502
1739272260047,105.39455246273428
1739272259042,105.2821095623076
1739272258043,105.10821150708944
1739272257042,104.99703091103584
1739272256051,106.45425973366946
1739272255042,106.60731968283653
1739272254048,106.23488237988204
1739272253036,106.41327549703419
1739272252038,106.8407835746184
1739272251041,106.33374737482518
1739272250049,106.55275085289031
1739272249051,106.16854626778513
1739272248048,106.35626965016127
1739272247045,106.04547655582428
1739272246039,106.12547747045755
1739272245044,105.78238384611905
1739272244065,105.4178075818345
1739272243046,105.20607468206435
1739272242044,105.50420501921326
1739272241047,105.45958055835217
1739272240047,105.93358018994331
1739272239051,105.6246978379786
1739272238046,104.93719094339758
1739272237056,105.18025944754481
1739272236057,104.87703156564385
1739272235055,104.57858083862811
1739272234059,104.55424858257174
1739272233051,104.32411084976047
1739272232048,104.04634800832719
1739272231044,103.67295276932418
1739272230056,103.58781938254833
1739272229056,103.21754619665444
1739272228055,103.35038352478296
1739272227058,103.71982331946492
1739272226056,103.92319816164672
1739272225045,104.18644045758992
1739272224045,104.35617727786303
1739272223048,104.58053564932197
1739272222040,104.31602516863495
1739272221050,104.55442890059203
1739272220048,103.77055577747524
1739272219041,103.96035903692245
1739272218057,103.92482698056847
1739272217051,104.09181881230325
1739272216049,103.92571765650064
1739272215068,103.7931457106024
1739272214049,104.20694133732468
1739272213048,103.76647577341646
1739272212048,103.32861796487123
1739272211040,103.41934702824801
1739272210040,103.20875338837504
1739272209037,102.88273721095175
1739272208042,102.28199034836143
1739272207037,102.13158352486789
1739272206037,102.21565106417984
1739272205053,103.15624274965376
1739272204040,103.30427207797766
1739272203047,103.22098839748651
1739272202041,103.24806326907128
1739272201047,103.36843431089073
1739272200048,102.70167489815503
1739272199047,102.50193601474166
1739272198049,102.37413561623544
1739272197092,101.63307591807097
1739272196050,101.62051666714251
1739272195044,101.41105590201914
1739272194045,101.59918493591249
1739272193048,101.20592687744647
1739272192046,101.48713883943856
1739272191042,101.37287109065801
1739272190050,100.7211451260373
1739272189041,100.24661503732204
1739272188044,99.95577049348503
1739272187042,100.61611488368362
1739272186044,100.36118823848665
1739272185049,99.96933083888143
1739272184044,99.97571884281933
1739272183068,99.61156021244824
1739272182052,98.65949235484004
1739272181049,99.0243706740439
1739272180049,99.20786105375737
1739272179042,99.1564477821812
1739272178051,99.35474917292595
1739272177050,98.79243597388268
1739272176055,99.02888086531311
1739272175047,99.17518328689039
1739272174049,99.29263104870915
1739272173052,99.38681830558926
1739272172054,99.15609954297543
1739272171047,99.37342234235257
1739272170051,100.00918958336115
1739272169042,100.91386386100203
1739272168041,100.88776724599302
1739272167038,100.40911754593253
1739272166050,99.72814812138677
1739272165041,99.50320464465767
1739272164055,100.08042498957366
1739272163040,100.10056684631854
1739272162059,99.60984632000327
1739272161043,99.22987522277981
1739272160046,99.6734147965908
1739272159050,99.89648275263608
1739272158049,99.94543710630387
1739272157048,99.54731729999185
1739272156044,99.45639153849334
1739272155050,99.77855393011123
1739272154048,100.3216252475977
1739272153047,100.53009121771902
1739272152046,100.8262181961909
1739272151041,101.13245028443635
1739272150046,101.84130777791142
1739272149039,102.0330097079277
1739272148047,101.71759549621493
1739272147039,100.85775557067245
1739272146048,100.39426101651043
1739272145048,100.55969755072147
1739272144049,100.43166292645037
1739272143039,100.90927503630519
1739272142042,101.03141715377569
1739272141047,101.21082467865199
1739272140046,101.17967410665005
1739272139044,101.1445443937555
1739272138050,101.30586323980242
1739272137048,101.65140530467033
1739272136040,101.2562088444829
1739272135030,101.28572167735547
1739272134067,100.97216952592134
1739272133049,100.61856548208743
1739272132049,100.59762486536056
1739272131043,100.70929445326328
1739272130047,100.94043810851872
1739272129048,101.41380326636136
1739272128049,101.57847762014717
1739272127052,102.57170352805406
1739272126048,102.87561396043748
1739272125045,102.64948113635182
1739272124049,103.61470956262201
1739272123047,103.34181139152497
1739272122046,103.80119157209992
1739272121049,104.30625055078417
1739272120050,104.63899683672935
1739272119041,104.92553886771202
1739272118046,104.93222128599882
1739272117044,105.46346177347004
1739272116037,105.63209906127304
1739272115054,105.65176027547568
1739272114054,106.04074500408024
1739272113055,106.6448654634878
1739272112039,107.08032090496272
1739272111051,106.47167354729027
1739272110062,106.89610773418099
1739272109043,106.98837040737271
1739272108044,107.34836185723543
1739272107046,107.55605354811996
1739272106050,107.71695394348353
1739272105050,106.91468971502036
1739272104041,106.78408603835851
1739272103047,105.25085317716002
1739272102042,106.80270222947001
1739272101047,106.6408832622692
1739272100051,105.41790121421218
1739272099047,104.50025057327002
1739272098047,104.84525914303958
1739272097036,104.96156455762684
1739272096045,105.09252064488828
1739272095039,104.46759123634547
1739272094036,104.52520373743027
1739272093046,104.73700353875756
1739272092044,104.91161729581654
1739272091040,104.87808936648071
1739272090039,105.34991640411317
1739272089041,105.56732830032706
1739272088043,106.12625939399004
1739272087043,106.25023780670017
1739272086051,106.16986491158605
1739272085050,106.00789882335812
1739272084046,106.52030058950186
1739272083068,106.21706183347851
1739272082048,106.56396365724504
1739272081052,107.00165131594986
1739272080054,107.06776843313128
1739272079050,107.40705679822713
1739272078052,107.16318206395954
1739272077050,107.23605121299624
1739272076051,107.80724423192441
1739272075049,107.83949878718704
1739272074042,107.9419956644997
1739272073051,108.16659116465598
1739272072050,108.14639453124255
1739272071046,107.41651741415262
1739272070043,108.27555505745113
1739272069052,107.61353224795312
1739272068048,107.53092253021896
1739272067049,107.68111264239997
1739272066045,107.559770536609
1739272065052,108.20738148596138
1739272064052,108.37214870005846
1739272063046,109.08817582670599
1739272062052,109.30160579830408
1739272061043,108.50228192657232
1739272060043,108.53622616827488
1739272059038,108.6662113852799
1739272058042,108.40844086091965
1739272057052,108.28027051407844
1739272056051,108.16443609911948
1739272055039,108.19460897520185
1739272054061,108.21354521904141
1739272053044,108.29217322450131
1739272052043,108.2505710767582
1739272051042,108.23073875531554
1739272050052,108.74104352667928
1739272049045,108.34977346938103
1739272048052,107.81648455001414
1739272047045,107.65542706474662
1739272046049,108.00254743546247
1739272045050,107.81493755523115
1739272044052,108.20760931447148
1739272043051,107.9174489909783
1739272042053,107.95738917961717
1739272041050,108.24459258280694
1739272040044,108.37540221400559
1739272039047,107.9547014478594
1739272038050,108.18810360133648
1739272037044,108.21663979161531
1739272036046,107.79450117330998
1739272035048,108.25274811685085
1739272034044,108.81114146206528
1739272033042,110.10208132956177
1739272032038,109.43240989279002
1739272031049,109.48826174996793
1739272030041,110.44307226408273
1739272029043,110.55678624287248
1739272028067,110.43678351212293
1739272027054,110.56372140999883
1739272026041,111.21332530211657
1739272025052,111.80020248424262
1739272024046,111.96525759901851
1739272023041,111.70532432571054
1739272022049,111.85878283251077
1739272021047,111.69013684429228
1739272020037,112.2149215862155
1739272019042,112.46485043782741
1739272018042,112.27301621157676
1739272017038,112.6362094739452
1739272016044,113.42364936228842
1739272015039,113.60506953392178
1739272014036,113.23164671752602
1739272013041,113.50973533745855
1739272012036,114.68304682802409
1739272011032,114.5286593362689
1739272010069,114.98910523205996
1739272009045,114.4054059162736
1739272008048,114.91716496832669
1739272007041,114.83096302393824
1739272006039,115.31643058732152
1739272005038,115.89905288536102
1739272004052,116.51787313446403
1739272003051,115.63722817320377
1739272002056,114.81375150196254
1739272001046,115.3966714926064
1739272000049,115.58797319885343
1739271999042,115.47260605171323
1739271998042,116.12438852246851
1739271997043,116.46515695750713
1739271996048,116.09949183650315
1739271995047,117.45436167623848
1739271994050,116.80753981508315
1739271993041,117.00389652792364
1739271992041,117.13708852417767
1739271991037,117.47410531993955
1739271990037,117.43433960247785
1739271989043,117.4814483858645
1739271988037,118.08366302680224
1739271987043,117.9450506651774
1739271986045,117.63575296197087
1739271985051,117.50848906580359
1739271984050,117.96920948848128
1739271983069,118.50380550418049
1739271982050,117.88763150759041
1739271981047,117.6008403589949
1739271980038,117.76673183310777
1739271979042,118.04362001921982
1739271978048,117.86375667806715
1739271977039,117.48863987438381
1739271976053,117.7945364145562
1739271975043,118.16966369468719
1739271974047,119.10385376866907
1739271973079,118.58666214998811
1739271972041,118.9921376556158
1739271971048,120.01399812847376
1739271970048,119.8707997892052
1739271969042,119.98873385135084
1739271968042,120.20201656967402
1739271967049,120.31564974784851
1739271966045,120.64177455939353
1739271965055,120.62606486026198
1739271964044,119.38086941093206
1739271963046,119.17764794640243
1739271962048,119.28258549049497
1739271961053,119.2348356237635
1739271960046,119.72943967394531
1739271959044,119.6734743276611
1739271958045,119.26734729204327
1739271957044,119.43455483112484
1739271956045,119.22197357285768
1739271955049,119.12706635147333
1739271954064,119.41141832340509
1739271953049,119.41675959527493
1739271952037,120.01528772059828
1739271951049,120.15481010265648
1739271950051,119.75727680511773
1739271949041,119.70383707620203
1739271948049,120.4479333050549
1739271947044,120.71978129260242
1739271946051,120.61492356378585
1739271945043,120.70004212390631
1739271944049,121.5906695695594
1739271943051,121.58535032812506
1739271942048,122.37688795197755
1739271941051,122.52128153294325
1739271940048,122.21251374296844
1739271939042,121.88395799137652
1739271938050,121.73477764427662
1739271937047,121.38158753886819
1739271936045,121.04158190172166
1739271935051,121.83326119091362
1739271934042,122.34751459490508
1739271933048,121.72730757296085
1739271932050,121.21577948331833
1739271931050,121.64158280566335
1739271930047,120.1825133273378
1739271929057,120.24046865198761
1739271928050,119.38477748259902
1739271927051,119.49067390803248
1739271926048,120.37772905360907
1739271925043,120.38391455449164
1739271924043,120.29142579529434
1739271923051,121.04492213670164
1739271922048,120.6549319922924
1739271921048,121.2076602736488
1739271920042,121.15532118733972
1739271919046,122.29882657993585
1739271918042,122.19638189021498
1739271917041,122.8470353083685
1739271916042,122.23522531893104
1739271915041,122.60936645232141
1739271914044,122.95497717615217
1739271913050,122.78337217308581
1739271912044,123.01112040318549
1739271911050,122.93630385119468
1739271910046,122.18355153221637
1739271909041,122.40809917636216
1739271908051,121.91326587926596
1739271907054,121.51520781032741
1739271906045,121.76397760491818
1739271905052,122.84248672332615
1739271904047,122.48540758434683
1739271903050,121.70172759145498
1739271902046,121.8528933627531
1739271901044,121.97973165847361
1739271900046,121.87863419763744
1739271899043,122.25593325030059
1739271898048,122.5105418683961
1739271897040,123.0514656836167
1739271896039,123.20765889808536
1739271895040,123.21378668956459
1739271894042,123.56997504085302
1739271893041,124.24149812757969
1739271892041,124.42680093925446
1739271891038,124.21670340932906
1739271890040,124.86587959621102
1739271889049,124.70944877993315
1739271888040,125.07328986376524
1739271887052,125.135237920098
1739271886044,125.5033542048186
1739271885042,125.57306107413024
1739271884044,125.50576403550804
1739271883072,125.97895604744554
1739271882045,126.93671087361872
1739271881051,127.0086763156578
1739271880048,127.63766247499734
1739271879042,127.92160803452134
1739271878047,127.53309615794569
1739271877051,127.52167894598097
1739271876050,127.44507611822337
1739271875044,128.06898615509272
1739271874041,128.68869048170745
1739271873049,128.04620797932148
1739271872047,127.78308195993304
1739271871050,128.01795706152916
1739271870055,126.96707157697529
1739271869049,126.75542765390128
1739271868051,126.06539781950414
1739271867050,126.70317668281496
1739271866055,126.67008630372584
1739271865050,126.00407690554857
1739271864059,126.08237599488348
1739271863044,125.45013774558902
1739271862050,125.68554989341646
1739271861041,126.40945156943053
1739271860052,125.89406730607152
1739271859044,125.23687382601202
1739271858048,125.52406657207757
1739271857046,125.26231301296502
1739271856045,124.82555154990405
1739271855039,124.93966934271157
1739271854037,125.19324780162424
1739271853044,125.14975384809077
1739271852062,125.81816823780537
1739271851061,126.5409935824573
1739271850050,126.81420112587512
1739271849043,127.1894637979567
1739271848045,127.27949279081076
1739271847048,126.88058510888368
1739271846046,126.87582555226982
1739271845047,127.89282508660108
1739271844049,127.83945806045085
1739271843046,128.48883851990104
1739271842040,127.94619190040976
1739271841044,127.970453501679
1739271840049,129.08785138372332
1739271839046,129.24323335383087
1739271838056,129.53220849856734
1739271837050,129.6028713323176
1739271836049,129.68488082662225
1739271835044,129.3374286973849
1739271834054,129.51448790635914
1739271833051,129.30324511323124
1739271832049,130.21517144702375
1739271831052,130.7688232064247
1739271830044,129.9623526064679
1739271829050,131.25310811493546
1739271828041,131.4899017130956
1739271827050,131.50722099933773
1739271826051,131.58834409993142
1739271825048,132.24865019787103
1739271824050,131.34964817762375
1739271823047,133.11690176744014
1739271822042,133.39008037932217
1739271821046,134.61060102656484
1739271820053,133.8610107889399
1739271819039,134.2122587170452
1739271818045,135.01134225632995
1739271817049,135.1244621835649
1739271816057,133.97258029412478
1739271815044,133.0404728502035
1739271814041,133.90943400654942
1739271813052,133.25082054547966
1739271812048,133.15675134398043
1739271811048,132.38262536842376
1739271810053,132.7321169776842
1739271809055,132.56709877867252
1739271808052,131.9270472060889
1739271807051,132.09085067827255
1739271806047,131.81522176694125
1739271805038,132.07864011731
1739271804042,132.49710846226662
1739271803049,132.12186459172517
1739271802042,132.03843846078962
1739271801042,132.13119200710207
1739271800042,132.24211487080902
1739271799038,132.0895366417244
1739271798042,132.53993954136968
1739271797037,132.32259679026902
1739271796044,131.68394903745502
1739271795038,132.39839199651033
1739271794040,131.80215000454336
1739271793037,132.07052154652774
1739271792044,131.91334507707506
1739271791043,132.66278510726988
1739271790044,133.02775786910206
1739271789043,133.34228686895221
1739271788047,134.00779413897544
1739271787045,134.24191755987704
1739271786050,134.34769900888205
1739271785053,134.7283858982846
1739271784050,134.72110817302018
1739271783060,134.18220634944737
1739271782054,133.97215021867305
1739271781048,134.16920059826225
1739271780045,134.87110436707735
1739271779048,135.888693603687
1739271778044,135.1326498342678
1739271777040,135.0002886960283
1739271776048,134.83720936905593
1739271775043,134.57925170846283
1739271774051,133.7931948415935
1739271773048,133.66138266585767
1739271772041,134.304762955755
1739271771046,135.76061777304858
1739271770040,135.96227971557528
1739271769048,136.18207402992994
1739271768040,137.25239085312933
1739271767051,136.40649774018675
1739271766049,137.63150238711387
1739271765048,138.05516642238945
1739271764038,137.69757837243378
1739271763039,137.49849529471248
1739271762041,137.3204621747136
1739271761049,138.55566693283617
1739271760044,138.87623840663582
1739271759038,139.50304800178856
1739271758039,139.07705112732947
1739271757047,140.3941126484424
1739271756046,140.96664668247104
1739271755059,141.81851455383003
1739271754042,140.3939471496269
1739271753046,140.50686405971646
1739271752045,142.09250685293227
1739271751045,140.2693286370486
1739271750042,140.3631386300549
1739271749040,141.25785643514246
1739271748051,141.35203561373055
1739271747038,141.12589970231056
1739271746045,141.728809164837
1739271745041,141.5388660300523
1739271744048,141.62557795271277
1739271743049,142.05656681302935
1739271742049,142.23605249915272
1739271741040,142.08999978285283
1739271740042,142.3818396953866
1739271739047,142.26606435328722
1739271738045,143.55656757578254
1739271737046,143.88563765585423
1739271736048,144.33784038946033
1739271735043,144.16536856256425
1739271734044,143.99901796411723
1739271733054,144.3657101439312
1739271732041,144.42193168587983
1739271731043,144.16329218819737
1739271730043,144.31112523190677
1739271729044,144.33480585645884
1739271728042,144.7455670852214
1739271727040,144.53162565734237
1739271726043,144.3794047795236
1739271725033,144.3355025202036
1739271724037,144.31866414658725
1739271723038,143.82792595308274
1739271722042,143.42034268938005
1739271721037,143.61951473914087
1739271720035,143.52976253349334
1739271719036,143.69729931186885
1739271718038,144.2744361748919
1739271717036,144.38834582548589
1739271716038,144.06321677472442
1739271715031,144.2615248374641
1739271714041,144.47399618383497
1739271713033,144.54948450345546
1739271712033,144.51217599306256
1739271711039,144.51073626149446
1739271710041,144.33910237066448
1739271709037,144.42314740177244
1739271708039,144.42606774438173
1739271707035,144.11681522242725
1739271706040,144.10030414257199
1739271705046,144.84829980321229
1739271704042,144.81974497716874
1739271703053,144.57362788822502
1739271702050,144.55974019039422
1739271701052,145.19803431164473
1739271700051,145.40442219097167
1739271699042,145.4864022321999
1739271698059,145.35154405608773
1739271697039,145.0078312708065
1739271696047,144.9105037264526
1739271695041,145.04580694902688
1739271694038,145.10461513325572
1739271693037,144.67467308789492
1739271692043,145.2439935626462
1739271691052,144.9190230658278
1739271690047,144.69655117113143
1739271689048,145.35967793129385
1739271688049,146.1017987811938
1739271687048,144.9840943729505
1739271686044,144.40783129818738
1739271685043,145.46216680202633
1739271684041,145.08915763162076
1739271683066,145.16160005982965
1739271682041,145.66530861053616
1739271681041,145.26679312251508
1739271680047,146.0387799181044
1739271679047,146.82757822051644
1739271678038,146.27055192831904
1739271677045,145.86226748581976
1739271676049,145.6622092463076
1739271675057,146.55095356423408
1739271674043,146.387877962552
1739271673047,145.83602011296898
1739271672063,145.54024222679436
1739271671045,146.29782504215837
1739271670047,146.13468085601926
1739271669040,146.34633813798428
1739271668037,146.4929248224944
1739271667047,145.60528243426234
1739271666052,147.02006788738072
1739271665046,147.12911852728575
1739271664048,147.48410028219223
1739271663042,147.9258957495913
1739271662046,148.43533122446388
1739271661047,147.96071888692677
1739271660042,147.62604956980795
1739271659053,147.7887309640646
1739271658057,146.62663379777223
1739271657051,146.6036352040246
1739271656048,146.44434381928295
1739271655044,147.0671848244965
1739271654043,146.73418047931045
1739271653039,146.6771260695532
1739271652038,146.78960406500846
1739271651034,146.49785544350743
1739271650050,145.30273686163127
1739271649041,145.07552213035524
1739271648043,145.84825089015067
1739271647061,145.6669014301151
1739271646044,146.11715958919376
1739271645045,145.82925378438085
1739271644044,145.54305925313383
1739271643044,145.04522670060396
1739271642036,145.8508112328127
1739271641057,145.90010584611446
1739271640054,146.13187478482723
1739271639047,145.5621807165444
1739271638052,145.8291068477556
1739271637049,145.06606729887426
1739271636050,145.98226329870522
1739271635051,145.42574502248317
1739271634049,144.96028770972043
1739271633043,145.80682594235986
1739271632041,146.57772310171276
1739271631046,146.342420543544
1739271630046,146.08567881863564
1739271629048,146.07666562777013
1739271628049,146.22608929686248
1739271627046,147.1001043235883
1739271626047,147.55713646672666
1739271625046,147.8329521305859
1739271624044,147.35826827771962
1739271623033,147.30402722861618
1739271622034,147.5419992711395
1739271621050,147.57133305538446
1739271620054,147.57108147908002
1739271619063,147.78799223247916
1739271618051,147.76112272311002
1739271617048,147.96297959797084
1739271616038,148.35981344152242
1739271615050,148.69122820999473
1739271614038,148.89896875340492
1739271613035,148.88033395726234
1739271612047,149.0219733659178
1739271611035,149.57100139930844
1739271610031,150.29271296504885
1739271609030,150.72288693394512
1739271608048,150.6815440254286
1739271607051,150.07399130333215
1739271606050,150.53889904823154
1739271605040,150.76850945781916
1739271604049,150.32119619846344
1739271603049,149.81819176208228
1739271602042,150.00257703103125
1739271601051,150.23775263503194
1739271600048,150.37894190754741
1739271599050,150.06737591605633
1739271598048,150.37479970883578
1739271597040,150.61861218512058
1739271596043,150.78518109489232
1739271595044,150.74401858169585
1739271594045,150.52599395345896
1739271593039,150.56971619743854
1739271592044,150.802411316894
1739271591048,150.60221850965172
1739271590049,150.80258492194116
1739271589049,150.79584983550012
1739271588051,150.97162594180554
1739271587050,151.7087765065953
1739271586044,151.44394951406866
1739271585045,151.54477184824646
1739271584051,151.85900246258825
1739271583070,151.25813406612724
1739271582048,151.33938051667064
1739271581052,151.49033731594682
1739271580038,151.3027102202177
1739271579042,151.20713456440717
1739271578041,151.48099586833268
1739271577047,151.338981539011
1739271576059,151.27015735488385
1739271575057,151.418830383569
1739271574059,151.36328181996942
1739271573056,150.83693173062056
1739271572050,150.28366629127413
1739271571051,150.26383323129267
1739271570047,150.45817295648158
1739271569050,150.65949370712042
1739271568045,151.17500674910843
1739271567050,151.29689585324377
1739271566043,151.43227960448712
1739271565046,150.86297162342817
1739271564050,150.9098717616871
1739271563056,151.04930946137756
1739271562047,150.8198440754786
1739271561048,150.3811909565702
1739271560050,150.48892265930772
1739271559041,150.56154358852655
1739271558042,150.76295665185899
1739271557043,150.951530713588
1739271556044,151.14555014204234
1739271555034,150.98345200531185
1739271554032,151.10465962346643
1739271553039,150.6238081427291
1739271552047,150.3501089019701
1739271551050,150.53362089116126
1739271550038,150.87022178899497
1739271549052,150.53647336922586
1739271548047,149.9582068901509
1739271547046,150.5247165132314
1739271546050,150.75199866574258
1739271545050,150.76049226988107
1739271544051,150.6406321078539
1739271543052,150.73887581564486
1739271542051,151.15858579520136
1739271541050,150.62681001238525
1739271540051,150.83273029513657
1739271539046,150.66310624405742
1739271538043,150.82993589900434
1739271537054,150.69852285459638
1739271536062,150.50491314847022
1739271535038,150.78280528262258
1739271534061,151.070246768184
1739271533045,151.1092456560582
1739271532048,150.53884084988385
1739271531048,150.7692675543949
1739271530056,151.34487013239413
1739271529044,152.07581904157996
1739271528047,151.66476358100772
1739271527042,151.4138316810131
1739271526049,151.58422194235027
1739271525051,151.84108342975378
1739271524042,151.94811951648444
1739271523044,152.1671929527074
1739271522050,152.02808297984302
1739271521041,151.55533652193844
1739271520051,152.0238708211109
1739271519040,152.66655655484647
1739271518051,152.17140635382384
1739271517049,152.1255109142512
1739271516051,152.2078959038481
1739271515048,151.8810864808038
1739271514053,152.08284768927842
1739271513042,152.9787539895624
1739271512058,153.12662856001407
1739271511056,153.387611749582
1739271510059,152.73141500912607
1739271509053,152.4235465405509
1739271508053,152.5101546542719
1739271507046,152.5059016868472
1739271506053,152.23868459835649
1739271505048,152.2480281079188
1739271504043,152.68172501772642
1739271503053,152.64105081092566
1739271502047,152.75691732112318
1739271501054,153.5018925089389
1739271500051,153.30924769025296
1739271499045,152.756371634081
1739271498044,152.97684850823134
1739271497045,153.11164736747742
1739271496049,153.1578873610124
1739271495050,153.38460647128522
1739271494040,153.5517276758328
1739271493049,153.58848774340004
1739271492047,153.70597892906517
1739271491049,153.70986610464752
1739271490053,153.5569754401222
1739271489044,152.94131137616932
1739271488049,152.8091412493959
1739271487050,153.39100218005478
1739271486053,153.34753205999732
1739271485048,153.2017486402765
1739271484041,152.78980904910713
1739271483070,152.56627816613764
1739271482047,152.79371751565486
1739271481068,152.77710635960102
1739271480049,152.92006651405245
1739271479048,153.2347112065181
1739271478050,153.3990620803088
1739271477048,152.81596788764
1739271476049,152.95702446904033
1739271475046,152.9994161305949
1739271474050,152.80134895537049
1739271473049,152.7694561732933
1739271472048,152.8746001822874
1739271471047,152.47759536281228
1739271470048,152.89234880916774
1739271469051,152.92453513480723
1739271468050,153.24089799355716
1739271467052,153.2439910499379
1739271466050,153.46527218911797
1739271465046,153.5861674239859
1739271464053,154.00101818796247
1739271463050,153.5009190607816
1739271462049,153.69075912237167
1739271461042,153.39629117399454
1739271460050,153.89390644989908
1739271459041,153.26588825229555
1739271458045,153.73269445076585
1739271457043,153.71084341499954
1739271456034,153.6525050336495
1739271455041,153.57432239223272
1739271454050,153.90721233841032
1739271453048,153.59179812856019
1739271452054,154.02336001954973
1739271451057,154.29054079018533
1739271450075,153.32770282123238
1739271449048,152.80582916736603
1739271448042,152.5305843008682
1739271447033,152.766908634454
1739271446052,152.84192782267928
1739271445050,153.26096419524401
1739271444049,152.41951429471374
1739271443049,151.95949459262192
1739271442046,151.36768612638116
1739271441047,151.1287151928991
1739271440049,151.4804059304297
1739271439051,151.21299614477903
1739271438049,150.9327515102923
1739271437040,150.37999680358917
1739271436049,149.9372028708458
1739271435048,149.80407504364848
1739271434037,149.40490597952157
1739271433036,149.1524585383013
1739271432055,149.69423434324563
1739271431040,150.1011830046773
1739271430056,149.42993200477213
1739271429061,149.16876193042845
1739271428052,149.099602997303
1739271427046,148.92447176482528
1739271426056,148.82387969922274
1739271425044,148.66490075085312
1739271424037,148.68608858715743
1739271423043,148.7619668506086
1739271422042,148.97205517999828
1739271421061,148.8144224472344
1739271420060,148.96014675218612
1739271419056,148.97230016626418
1739271418039,148.67981179524213
1739271417048,148.32815273664892
1739271416058,148.85411757044494
1739271415039,148.91513370350003
1739271414045,148.58444982673973
1739271413040,148.1371015161276
1739271412052,148.00407098978758
1739271411047,147.92203198652714
1739271410043,147.95244459528476
1739271409053,148.68829568009824
1739271408041,149.27799431886524
1739271407044,148.74812805932015
1739271406050,148.8029222181067
1739271405043,149.0613379618153
1739271404054,148.722153281793
1739271403050,149.11575732380152
1739271402042,149.04138860665262
1739271401050,149.16705059912056
1739271400045,149.20389824919403
1739271399043,148.75764648336917
1739271398051,148.77377191279083
1739271397048,148.86257451493293
1739271396040,148.69171376619488
1739271395052,148.71023253910244
1739271394031,148.78860007133335
1739271393039,148.6965694539249
1739271392034,148.55868780892342
1739271391056,148.40308082196862
1739271390042,148.4983453983441
1739271389036,148.85839274618775
1739271388045,148.88247182779014
1739271387044,149.27961691189557
1739271386042,148.95193271245807
1739271385041,149.1051965560764
1739271384055,149.47663792781532
1739271383067,149.31673833262175
1739271382042,149.6260875975713
1739271381032,149.7550025358796
1739271380050,149.52319496311247
1739271379047,149.58999438863248
1739271378049,149.6284740967676
1739271377044,149.96003741957247
1739271376050,149.60538250673562
1739271375043,149.5690653771162
1739271374047,150.15249124076217
1739271373041,150.132985483855
1739271372044,150.1353311529383
1739271371046,150.26306942291558
1739271370061,150.34756290726364
1739271369035,150.01597974356264
1739271368039,149.81912932172418
1739271367054,149.69444195646793
1739271366052,149.35355333331972
1739271365052,149.5955962119624
1739271364043,148.9737344449386
1739271363050,149.2105595972389
1739271362054,149.30061104055494
1739271361051,149.26269016973674
1739271360045,149.20836589299142
1739271359036,149.52043039537966
1739271358046,149.36381679587066
1739271357049,149.40843808557838
1739271356049,149.5036044837907
1739271355038,149.41031003557146
1739271354040,149.43574147112668
1739271353043,149.6710876710713
1739271352044,149.70993715245277
1739271351047,149.80237314850092
1739271350040,149.81651364360005
1739271349042,149.86440397519618
1739271348039,149.7338322531432
1739271347040,149.95661688689142
1739271346039,149.70080003142357
1739271345046,150.0077019073069
1739271344038,149.8616041811183
1739271343035,149.9364058850333
1739271342037,150.1325480127707
1739271341045,150.37986770551652
1739271340053,150.15908397641033
1739271339040,150.36315767467022
1739271338041,150.35869731009007
1739271337045,150.1052754279226
1739271336041,149.7792091583833
1739271335039,149.57625763490796
1739271334041,149.57911694515496
1739271333035,149.53169797826558
1739271332030,149.62923421896994
1739271331034,149.8339071823284
1739271330039,150.19152817036957
1739271329043,149.96568769589067
1739271328049,150.0898816799745
1739271327045,150.4479976175353
1739271326040,150.7115375455469
1739271325051,150.4363002711907
1739271324040,150.64935834985226
1739271323054,151.11204468738288
1739271322046,151.19644095469266
1739271321051,151.42863890435547
1739271320050,151.5067926608026
1739271319037,151.41040228959173
1739271318053,151.24544356483966
1739271317045,150.91274207644165
1739271316043,150.13945773243904
1739271315048,150.31249185558408
1739271314044,150.2839389136061
1739271313046,150.01396704372019
1739271312041,149.67907438147813
1739271311038,149.99063199572265
1739271310038,149.92686486709863
1739271309041,149.76183378137648
1739271308057,149.8228476047516
1739271307041,149.8426636038348
1739271306047,149.45815151464194
1739271305043,149.97744234278798
1739271304051,150.2459115339443
1739271303047,149.7452797740698
1739271302043,149.9638389274478
1739271301045,149.6649934872985
1739271300037,149.83734830934554
1739271299041,149.536635376513
1739271298036,150.21517544146627
1739271297037,149.5510204816237
1739271296038,149.52598787471652
1739271295035,149.2024253308773
1739271294043,149.2162159346044
1739271293046,148.7946842778474
1739271292051,149.10550530534238
1739271291043,149.38625904917717
1739271290045,149.1299288002774
1739271289043,148.889932340011
1739271288041,147.65070078428835
1739271287039,147.689070048742
1739271286044,147.8596941800788
1739271285049,148.94719258975238
1739271284049,148.59013273753226
1739271283063,148.07407668977976
1739271282049,147.86037262156606
1739271281049,147.81033216882497
1739271280052,147.67223298270255
1739271279043,147.42696773074567
1739271278054,147.19428144861013
1739271277050,147.10463543236256
1739271276052,147.13530828338116
1739271275053,147.36077279318124
1739271274052,147.03012863453478
1739271273047,147.15602929051965
1739271272049,146.90772430878133
1739271271062,147.35349154751748
1739271270050,147.2776874927804
1739271269046,146.8304126812145
1739271268052,146.31088267732412
1739271267048,145.91457137092948
1739271266042,146.29372153803706
1739271265047,147.20314104761928
1739271264042,146.62803664058447
1739271263045,146.13943019509315
1739271262042,146.6521627092734
1739271261049,146.87864963896573
1739271260051,147.36406334582716
1739271259048,146.8954201284796
1739271258044,146.44612102303654
1739271257040,146.6391375232488
1739271256043,146.65399690438062
1739271255041,146.77129735331982
1739271254043,146.23320415616035
1739271253049,145.83881856966764
1739271252049,145.28895758185536
1739271251043,145.57975335698575
1739271250048,145.85520831495523
1739271249042,146.22332728467882
1739271248048,146.31380041129887
1739271247043,145.97855136170983
1739271246049,145.56472668610513
1739271245041,145.50047386810184
1739271244050,145.41558899916708
1739271243050,145.17568260151893
1739271242047,145.05806659627706
1739271241049,144.60462645534426
1739271240052,144.7033212641254
1739271239049,144.2510729469359
1739271238050,143.8330861609429
1739271237048,143.88488832861185
1739271236051,143.9190086144954
1739271235056,143.7360051330179
1739271234050,143.5197365442291
1739271233060,143.2634171321988
1739271232064,143.14926468301564
1739271231041,143.16717090737075
1739271230052,142.804795127362
1739271229050,142.49329163134098
1739271228039,142.6172893960029
1739271227047,142.20813244301826
1739271226047,141.03027256205678
1739271225044,141.52515648119152
1739271224049,141.59678640123457
1739271223050,141.30134691111743
1739271222050,140.8823185795918
1739271221048,140.1799702970311
1739271220053,139.91207093559206
1739271219038,139.62914683669806
1739271218041,139.99056793563068
1739271217042,139.75714596360922
1739271216047,139.68166761286557
1739271215035,139.98667937424034
1739271214033,139.85076721478254
1739271213033,140.26276851352304
1739271212045,140.11822697147727
1739271211044,140.4023463120684
1739271210044,140.6537354392931
1739271209043,140.53023002576083
1739271208053,139.6132933292538
1739271207041,140.40117852762341
1739271206046,139.8822384485975
1739271205042,140.01091042999178
1739271204043,140.55361557286233
1739271203050,139.65360548440367
1739271202041,139.8715786775574
1739271201044,139.4428890561685
1739271200045,139.4127629296854
1739271199050,139.22725296206772
1739271198047,138.97488680388778
1739271197043,138.75392811745405
1739271196042,138.45113295316696
1739271195046,138.40066094137728
1739271194043,138.6558883683756
1739271193043,138.53168544732034
1739271192041,137.5647447174415
1739271191043,137.30356214474887
1739271190039,137.68396248761564
1739271189039,137.73662059474736
1739271188046,137.67926845233887
1739271187047,137.11108937114477
1739271186048,136.3988035004586
1739271185051,136.64864077791572
1739271184044,135.90537635236979
1739271183069,136.11739299539477
1739271182048,135.59422057680786
1739271181043,135.2563452227041
1739271180048,135.27056146226823
1739271179047,135.16052282974124
1739271178057,134.67133405152708
1739271177035,133.84136017039418
1739271176050,133.31637066975236
1739271175051,133.31781162228435
1739271174049,133.99608870223165
1739271173046,133.8673064932227
1739271172050,134.68963077571243
1739271171050,134.47270767297596
1739271170052,134.76368067599833
1739271169052,134.64010352734476
1739271168044,134.65031490195543
1739271167042,134.37376403901726
1739271166044,134.45545166637748
1739271165037,135.07689693756402
1739271164044,134.38855033181608
1739271163038,135.21193341352046
1739271162047,134.547468543984
1739271161049,134.86544697917998
1739271160048,135.78168340865523
1739271159042,135.21300716046244
1739271158049,135.16005197167397
1739271157046,135.0409386754036
1739271156045,135.09470370784402
1739271155048,134.89930899441242
1739271154064,135.08841706160456
1739271153058,135.84168361127377
1739271152055,135.5994875980541
1739271151052,135.498949252069
1739271150052,135.43678493518382
1739271149042,135.53049841616303
1739271148044,135.86762082576752
1739271147044,135.06155268661678
1739271146042,135.27689692750573
1739271145051,135.63918826635927
1739271144049,135.69967334344983
1739271143042,135.25289797969162
1739271142051,135.30899177864194
1739271141044,135.3591461367905
1739271140046,134.4602877246216
1739271139057,134.82155620772392
1739271138045,134.11567060183734
1739271137047,134.03161757905036
1739271136051,133.67151578888297
1739271135049,132.6903480021283
1739271134043,133.2579179611057
1739271133039,132.84066587500274
1739271132045,133.12132892385125
1739271131051,133.06404760852456
1739271130051,132.39954511914402
1739271129039,131.49685933627188
1739271128049,131.62679424043745
1739271127046,131.681251719594
1739271126050,131.61096679139882
1739271125069,131.8106139888987
1739271124047,131.96478101983666
1739271123054,132.04829485993832
1739271122048,131.75886911153793
1739271121052,131.07106852717698
1739271120049,130.93587278854102
1739271119052,131.79773038532585
1739271118049,132.06854707747698
1739271117056,131.3548616003245
1739271116043,131.2329366086051
1739271115052,131.501071264036
1739271114049,132.08654765877873
1739271113047,131.9926047148183
1739271112045,131.47589535545558
1739271111052,130.91817315109074
1739271110054,130.51354230940342
1739271109114,130.25722138863057
1739271108578,130.7137586409226
1739271107625,130.5942032765597
1739271106308,131.36272678524256
1739271105386,130.74339636508375
1739271104052,130.67567281238735
1739271103062,130.60216335300356
1739271102041,130.8342864625156
1739271101043,130.67197866737843
1739271100052,131.62259368691593
1739271099040,130.8906581653282
1739271098046,131.26172765437514
1739271097041,131.38835645560175
1739271096074,131.31895006168634
1739271095070,131.53111352492124
1739271094053,131.28905885387212
1739271093047,131.14991340320557
1739271092050,130.08692699391395
1739271091053,129.88459922093898
1739271090051,128.9816169878468
1739271089052,129.23630099743605
1739271088050,129.56060816533864
1739271087054,129.00605154782534
1739271086049,128.21668157633394
1739271085052,128.66993775591254
1739271084045,128.40364263951778
1739271083064,128.43345423880965
1739271082043,128.26138926390558
1739271081049,128.13132725656033
1739271080052,127.57119559962302
1739271079049,127.77026953455061
1739271078049,127.81667614541948
1739271077051,128.93009133357555
1739271076050,129.06927802041173
1739271075048,129.1857606349513
1739271074043,129.78734173998237
1739271073044,129.5666840877384
1739271072050,129.08887002710253
1739271071047,129.01953553408384
1739271070052,128.4632682222873
1739271069046,128.7015799805522
1739271068049,128.7937384136021
1739271067051,128.87402387708426
1739271066052,128.5969886975363
1739271065051,127.42608966026455
1739271064051,127.32767996191978
1739271063042,127.59228189848363
1739271062048,127.60618549119681
1739271061043,126.30823331605643
1739271060048,125.84292511083186
1739271059052,126.04027803149074
1739271058051,126.81769140530378
1739271057049,124.8268984016031
1739271056049,124.69834061153233
1739271055051,124.80972501542419
1739271054044,124.74577317945659
1739271053049,124.08268254064023
1739271052045,125.13230422977358
1739271051044,124.19779730774462
1739271050041,123.25657934788615
1739271049042,123.81939398217946
1739271048041,124.05825960636139
1739271047039,124.18632500898093
1739271046048,124.83544426877052
1739271045038,124.84788678493351
1739271044045,125.64979715272784
1739271043044,122.63562535308301
1739271042063,122.11806540004909
1739271041044,122.32657528761774
1739271040042,122.40039597451687
1739271039040,121.67787885479629
1739271038045,121.47201873827726
1739271037041,121.62654989399016
1739271036043,120.86855463404208
1739271035050,120.80204147659242
1739271034040,120.63679514918476
1739271033044,120.83102657366544
1739271032050,120.6190305929631
1739271031042,120.87847438082099
1739271030044,120.36091687902808
1739271029042,118.78369342908263
1739271028044,120.06728028319776
1739271027043,119.70407739188522
1739271026043,118.54448844119906
1739271025042,117.43849251512438
1739271024039,116.97636863403022
1739271023040,117.18144463002682
1739271022043,117.26371585670859
1739271021040,116.29025645088404
1739271020046,116.80408873036504
1739271019043,116.68253639899194
1739271018041,115.9194604177028
1739271017046,115.91779237426817
1739271016047,114.52997866552323
1739271015049,114.02490934263915
1739271014044,113.87102847360075
1739271013044,113.801095623523
1739271012041,113.44215774722397
1739271011045,112.19194104522467
1739271010045,111.77111276518553
1739271009042,111.74727721139789
1739271008044,111.56195870321244
1739271007044,111.69406470097601
1739271006047,111.80417002271861
1739271005043,111.98466455936432
1739271004040,112.585080511868
1739271003053,112.58228087611496
1739271002043,113.03216750640422
1739271001042,112.70112674683332
1739271000038,112.52838189713657
1739270999041,112.51240685768425
1739270998044,112.80489802360535
1739270997040,112.14938782714307
1739270996038,112.14938782714307
1739270995039,112.04708226397634
1739270994043,111.42505093384534
1739270993045,111.54571468941867
1739270992044,111.07722954079509
1739270991043,110.34955099970102
1739270990041,111.15261606499553
1739270989045,110.65829103067517
1739270988050,110.75197279825807
1739270987046,112.13224003650248
1739270986043,112.28948118258268
1739270985040,111.7209876794368
1739270984049,111.41163363493979
1739270983069,111.50776536483318
1739270982042,111.95823023468256
1739270981044,110.8674601521343
1739270980046,110.45934960152954
1739270979043,110.10462304018438
1739270978044,111.45257820840925
1739270977042,111.33200312592089
1739270976043,110.22932302393019
1739270975042,110.2557926857844
1739270974042,111.08162242267281
1739270973042,110.5010513169691
1739270972045,109.86951323971152
1739270971049,108.74417089018971
1739270970058,107.93524449225515
1739270969041,107.73046225681901
1739270968049,107.81365130469203
1739270967046,108.59808347374201
1739270966045,108.38442761078477
1739270965043,108.59703060705215
1739270964040,108.00875610485673
1739270963044,107.22140997368842
1739270962051,107.55360847618431
1739270961043,107.5167397102341
1739270960045,108.03700520377606
1739270959057,107.26163255423307
1739270958047,107.22716485057026
1739270957053,104.73662525229156
1739270956041,105.24342149309814
1739270955039,105.94573883526027
1739270954043,106.62533848639578
1739270953054,105.81162351369858
1739270952043,106.81195881124586
1739270951048,107.2893310841173
1739270950047,104.67964888643473
1739270949041,104.81434642709792
1739270948048,104.5291111310944
1739270947044,104.01355842500925
1739270946047,103.03005545400083
1739270945057,101.38512758817524
1739270944049,100.25263330060989
1739270943046,102.2365149045363
1739270942048,102.36941483989358
1739270941040,102.37127094529569
1739270940046,101.73899871762842
1739270939047,100.79909094143659
1739270938037,101.59418085590005
1739270937051,101.12538644019514
1739270936039,101.08016231097281
1739270935038,101.8303184369579
1739270934041,101.92954194080085
1739270933047,101.29262775927782
1739270932043,101.20853724889457
1739270931043,102.50494363997132
1739270930042,103.08458224032074
1739270929041,104.54474394395947
1739270928046,100.41981911100447
1739270927047,100.75043104868382
1739270926047,99.61899981182069
1739270925047,99.46016629692167
1739270924049,99.49944215733558
1739270923049,98.63792170397937
1739270922047,98.1731300437823
1739270921047,97.70545866433531
1739270920046,97.60312116611749
1739270919042,97.57626357208937
1739270918048,98.11554741300642
1739270917048,98.77199909463525
1739270916040,98.96735344268382
1739270915044,98.42341460566968
1739270914045,98.42564312927425
1739270913042,98.89237114135176
1739270912039,97.51844770368189
1739270911036,97.64680392481387
1739270910054,98.272167744115
1739270909058,98.15363966207951
1739270908052,97.74302258528769
1739270907041,98.28054888360202
1739270906044,97.92396861128509
1739270905040,98.11497867200524
1739270904043,98.1414181785658
1739270903041,97.39517369028181
1739270902041,97.02938688918948
1739270901041,97.09676040150225
1739270900048,96.114152896218
1739270899042,96.64321609865874
1739270898044,96.82624810840935
1739270897045,96.08799303229898
1739270896050,96.52610322739929
1739270895041,97.20761275943369
1739270894044,96.31956105772406
1739270893043,96.1326128616929
1739270892042,95.3172207204625
1739270891044,95.1838838327676
1739270890039,95.08784869499505
1739270889041,96.95176371652633
1739270888045,94.44298181217164
1739270887040,93.73815597780049
1739270886039,93.46855704393238
1739270885044,92.99390109907836
1739270884039,92.63080034777522
1739270883063,91.88750774413347
1739270882059,91.79621116630733
1739270881053,91.89983599539846
1739270880040,92.79427627753466
1739270879038,91.20679015759379
1739270878037,91.27942370157689
1739270877045,92.87644093390554
1739270876048,92.5762725295499
1739270876048,92.5762725295499
1739270876048,92.5762725295499
1739270875041,92.2962442766875
1739270875041,92.2962442766875
1739270875041,92.2962442766875
1739270874045,89.54069772921503
1739270874045,89.54069772921503
1739270874045,89.54069772921503
1739270873050,89.12844303250313
1739270873050,89.12844303250313
1739270873050,89.12844303250313
1739270872047,88.76769466139376
1739270872047,88.76769466139376
1739270872047,88.76769466139376
1739270871047,88.94747818540782
1739270871047,88.94747818540782
1739270871047,88.94747818540782
1739270870046,88.46554739493877
1739270870046,88.46554739493877
1739270870046,88.46554739493877
1739270869040,89.13367930240929
1739270869040,89.13367930240929
1739270869040,89.13367930240929
1739270868048,88.94166948832572
1739270868048,88.94166948832572
1739270868048,88.94166948832572
1739270867047,87.84271569736302
1739270867047,87.84271569736302
1739270867047,87.84271569736302
1739270866055,87.67903807479888
1739270866055,87.67903807479888
1739270866055,87.67903807479888
1739270865044,87.30349558405578
1739270865044,87.30349558405578
1739270865044,87.30349558405578
1739270864045,86.49040787667036
1739270864045,86.49040787667036
1739270864045,86.49040787667036
1739270863043,86.65845480933785
1739270863043,86.65845480933785
1739270863043,86.65845480933785
1739270862046,87.0429190536961
1739270862046,87.0429190536961
1739270862046,87.0429190536961
1739270861045,86.9857585746795
1739270861045,86.9857585746795
1739270861045,86.9857585746795
1739270860041,86.08664197474718
1739270860041,86.08664197474718
1739270860041,86.08664197474718
1739270859036,85.76251547038555
1739270859036,85.76251547038555
1739270859036,85.76251547038555
1739270858041,85.97970196045935
1739270858041,85.97970196045935
1739270858041,85.97970196045935
1739270857053,85.33152379840612
1739270857053,85.33152379840612
1739270857053,85.33152379840612
1739270856052,84.98187626898289
1739270856052,84.98187626898289
1739270856052,84.98187626898289
1739270855038,84.9041539747268
1739270855038,84.9041539747268
1739270855038,84.9041539747268
1739270854043,84.81262210011482
1739270854043,84.81262210011482
1739270854043,84.81262210011482
1739270853040,84.20365564525127
1739270853040,84.20365564525127
1739270853040,84.20365564525127
1739270852048,83.55911479238421
1739270852048,83.55911479238421
1739270852048,83.55911479238421
1739270851048,83.78101928066462
1739270851048,83.78101928066462
1739270851048,83.78101928066462
1739270850049,83.90011584106833
1739270850049,83.90011584106833
1739270850049,83.90011584106833
1739270849046,84.00534415617585
1739270849046,84.00534415617585
1739270849046,84.00534415617585
1739270848051,84.52180264517665
1739270848051,84.52180264517665
1739270848051,84.52180264517665
1739270847036,84.3245371663943
1739270847036,84.3245371663943
1739270847036,84.3245371663943
1739270846038,84.99020183179528
1739270846038,84.99020183179528
1739270846038,84.99020183179528
1739270845040,85.52824677620083
1739270845040,85.52824677620083
1739270845040,85.52824677620083
1739270844043,85.5963387414813
1739270844043,85.5963387414813
1739270844043,85.5963387414813
1739270843040,86.14023477490991
1739270843040,86.14023477490991
1739270843040,86.14023477490991
1739270842030,85.463288214989
1739270842030,85.463288214989
1739270842030,85.463288214989
1739270841037,85.73235187213868
1739270841037,85.73235187213868
1739270841037,85.73235187213868
1739270840031,85.92028164397925
1739270840031,85.92028164397925
1739270840031,85.92028164397925
1739270839030,85.89357876870781
1739270839030,85.89357876870781
1739270839030,85.89357876870781
1739270838032,86.13643158599734
1739270838032,86.13643158599734
1739270838032,86.13643158599734
1739270837042,86.5237264148891
1739270837042,86.5237264148891
1739270837042,86.5237264148891
1739270836034,86.3206474725157
1739270836034,86.3206474725157
1739270836034,86.3206474725157
1739270835041,86.10841801948845
1739270835041,86.10841801948845
1739270835041,86.10841801948845
1739270834037,86.30235711857677
1739270834037,86.30235711857677
1739270834037,86.30235711857677
1739270833043,85.71870317403227
1739270833043,85.71870317403227
1739270833043,85.71870317403227
1739270832034,85.6503530414775
1739270832034,85.6503530414775
1739270832034,85.6503530414775
1739270831042,85.42723173648119
1739270831042,85.42723173648119
1739270831042,85.42723173648119
1739270830049,85.84939110092819
1739270830049,85.84939110092819
1739270830049,85.84939110092819
1739270829040,85.98261350393295
1739270829040,85.98261350393295
1739270829040,85.98261350393295
1739270828048,85.919972457923
1739270828048,85.919972457923
1739270828048,85.919972457923
1739270827038,85.54069124162197
1739270827038,85.54069124162197
1739270827038,85.54069124162197
1739270826047,85.37585900351405
1739270826047,85.37585900351405
1739270826047,85.37585900351405
1739270825046,85.6369876023382
1739270825046,85.6369876023382
1739270825046,85.6369876023382
1739270824040,85.5639527272433
1739270824040,85.5639527272433
1739270824040,85.5639527272433
1739270823039,85.703483232297
1739270823039,85.703483232297
1739270823039,85.703483232297
1739270822045,85.21953887399286
1739270822045,85.21953887399286
1739270822045,85.21953887399286
1739270821041,84.7379994019866
1739270821041,84.7379994019866
1739270821041,84.7379994019866
1739270820040,84.90761389303952
1739270820040,84.90761389303952
1739270820040,84.90761389303952
1739270819034,84.83209209423512
1739270819034,84.83209209423512
1739270819034,84.83209209423512
1739270818037,84.63067277427763
1739270818037,84.63067277427763
1739270818037,84.63067277427763
1739270817026,84.930389248766
1739270817026,84.930389248766
1739270817026,84.930389248766
1739270816047,85.00871900469065
1739270816047,85.00871900469065
1739270816047,85.00871900469065
1739270815032,84.94253030885011
1739270815032,84.94253030885011
1739270815032,84.94253030885011
1739270814029,84.95572020113468
1739270814029,84.95572020113468
1739270814029,84.95572020113468
1739270813026,85.11706751398742
1739270813026,85.11706751398742
1739270813026,85.11706751398742
1739270812038,84.93488760851324
1739270812038,84.93488760851324
1739270812038,84.93488760851324
1739270811032,85.0322596412152
1739270811032,85.0322596412152
1739270811032,85.0322596412152
1739270810034,84.83663836680353
1739270810034,84.83663836680353
1739270810034,84.83663836680353
1739270809045,84.97316659986973
1739270809045,84.97316659986973
1739270809045,84.97316659986973
1739270808041,84.48580968473107
1739270808041,84.48580968473107
1739270808041,84.48580968473107
1739270807031,84.02183382958174
1739270807031,84.02183382958174
1739270807031,84.02183382958174
1739270806044,83.88979919068515
1739270806044,83.88979919068515
1739270806044,83.88979919068515
1739270805042,83.75417104084045
1739270805042,83.75417104084045
1739270805042,83.75417104084045
1739270804051,83.9960954375565
1739270804051,83.9960954375565
1739270804051,83.9960954375565
1739270803067,83.9985048668459
1739270803067,83.9985048668459
1739270803067,83.9985048668459
1739270802041,84.18686711136252
1739270802041,84.18686711136252
1739270802041,84.18686711136252
1739270801042,84.08371408190578
1739270801042,84.08371408190578
1739270801042,84.08371408190578
1739270800046,83.93687970936298
1739270800046,83.93687970936298
1739270800046,83.93687970936298
1739270799041,83.89258042536676
1739270799041,83.89258042536676
1739270799041,83.89258042536676
1739270798040,83.81829800270498
1739270798040,83.81829800270498
1739270798040,83.81829800270498
1739270797042,83.89804033003747
1739270797042,83.89804033003747
1739270797042,83.89804033003747
1739270796041,84.13966303318739
1739270796041,84.13966303318739
1739270796041,84.13966303318739
1739270795048,84.18243754096329
1739270795048,84.18243754096329
1739270795048,84.18243754096329
1739270794050,84.55036453530192
1739270794050,84.55036453530192
1739270794050,84.55036453530192
1739270793044,84.63987708836794
1739270793044,84.63987708836794
1739270793044,84.63987708836794
1739270792048,84.75081486534327
1739270792048,84.75081486534327
1739270792048,84.75081486534327
1739270791048,84.59095021430403
1739270791048,84.59095021430403
1739270791048,84.59095021430403
1739270790038,84.86223214492202
1739270790038,84.86223214492202
1739270790038,84.86223214492202
1739270789047,84.49521260894835
1739270789047,84.49521260894835
1739270789047,84.49521260894835
1739270788041,84.63781442213804
1739270788041,84.63781442213804
1739270788041,84.63781442213804
1739270787039,84.62941269855946
1739270787039,84.62941269855946
1739270787039,84.62941269855946
1739270786041,84.64917520154268
1739270786041,84.64917520154268
1739270786041,84.64917520154268
1739270785049,84.58591843489558
1739270785049,84.58591843489558
1739270785049,84.58591843489558
1739270784047,84.11904723290354
1739270784047,84.11904723290354
1739270784047,84.11904723290354
1739270783066,84.11890438664705
1739270783066,84.11890438664705
1739270783066,84.11890438664705
1739270782047,83.96730640158057
1739270782047,83.96730640158057
1739270782047,83.96730640158057
1739270781045,83.49976691789925
1739270781045,83.49976691789925
1739270781045,83.49976691789925
1739270780050,83.03108822740614
1739270780050,83.03108822740614
1739270780050,83.03108822740614
1739270779048,82.87085193488747
1739270779048,82.87085193488747
1739270779048,82.87085193488747
1739270778046,82.60881621483713
1739270778046,82.60881621483713
1739270778046,82.60881621483713
1739270777041,82.50654581002891
1739270777041,82.50654581002891
1739270777041,82.50654581002891
1739270776050,82.99569022282958
1739270776050,82.99569022282958
1739270776050,82.99569022282958
1739270775041,81.96403120085597
1739270775041,81.96403120085597
1739270775041,81.96403120085597
1739270774042,82.03173705935478
1739270774042,82.03173705935478
1739270774042,82.03173705935478
1739270773043,82.59276135731488
1739270773043,82.59276135731488
1739270773043,82.59276135731488
1739270772047,84.21032377891243
1739270772047,84.21032377891243
1739270772047,84.21032377891243
1739270771047,84.53779223561287
1739270771047,84.53779223561287
1739270771047,84.53779223561287
1739270770049,84.33234077692032
1739270770049,84.33234077692032
1739270770049,84.33234077692032
1739270769040,84.14703213330358
1739270769040,84.14703213330358
1739270769040,84.14703213330358
1739270768045,83.83340199384838
1739270768045,83.83340199384838
1739270768045,83.83340199384838
1739270767042,83.69774324074388
1739270767042,83.69774324074388
1739270767042,83.69774324074388
1739270766042,83.78199390694499
1739270766042,83.78199390694499
1739270766042,83.78199390694499
1739270765037,83.18172436207533
1739270765037,83.18172436207533
1739270765037,83.18172436207533
1739270764044,82.89716857578605
1739270764044,82.89716857578605
1739270764044,82.89716857578605
1739270763041,82.88124762102962
1739270763041,82.88124762102962
1739270763041,82.88124762102962
1739270762039,82.74216806516051
1739270762039,82.74216806516051
1739270762039,82.74216806516051
1739270761048,82.78049791231751
1739270761048,82.78049791231751
1739270761048,82.78049791231751
1739270760039,82.36074398085475
1739270760039,82.36074398085475
1739270760039,82.36074398085475
1739270759041,82.57479242701083
1739270759041,82.57479242701083
1739270759041,82.57479242701083
1739270758038,82.3810013383627
1739270758038,82.3810013383627
1739270758038,82.3810013383627
1739270757039,82.80107260216027
1739270757039,82.80107260216027
1739270757039,82.80107260216027
1739270756043,82.68083209078759
1739270756043,82.68083209078759
1739270756043,82.68083209078759
1739270755039,82.30717572197318
1739270755039,82.30717572197318
1739270755039,82.30717572197318
1739270754050,82.66119431145489
1739270754050,82.66119431145489
1739270754050,82.66119431145489
1739270753047,81.61031424254179
1739270753047,81.61031424254179
1739270753047,81.61031424254179
1739270752049,81.9071708843112
1739270752049,81.9071708843112
1739270752049,81.9071708843112
1739270751044,82.2353789722547
1739270751044,82.2353789722547
1739270751044,82.2353789722547
1739270750063,82.2033780105412
1739270750063,82.2033780105412
1739270750063,82.2033780105412
1739270749040,82.08780324738473
1739270749040,82.08780324738473
1739270749040,82.08780324738473
1739270748041,82.34766945242882
1739270748041,82.34766945242882
1739270748041,82.34766945242882
1739270747049,82.24046411830932
1739270747049,82.24046411830932
1739270747049,82.24046411830932
1739270746049,82.44577538315207
1739270746049,82.44577538315207
1739270746049,82.44577538315207
1739270745043,82.24091541487724
1739270745043,82.24091541487724
1739270745043,82.24091541487724
1739270744039,82.40216719172895
1739270744039,82.40216719172895
1739270744039,82.40216719172895
1739270743049,82.8391483137384
1739270743049,82.8391483137384
1739270743049,82.8391483137384
1739270742035,83.3576839081943
1739270742035,83.3576839081943
1739270742035,83.3576839081943
1739270741046,83.55387739371508
1739270741046,83.55387739371508
1739270741046,83.55387739371508
1739270740041,83.21190299093723
1739270740041,83.21190299093723
1739270740041,83.21190299093723
1739270739040,83.15702559892088
1739270739040,83.15702559892088
1739270739040,83.15702559892088
1739270738046,83.41187646891922
1739270738046,83.41187646891922
1739270738046,83.41187646891922
1739270737047,83.29095101449639
1739270737047,83.29095101449639
1739270737047,83.29095101449639
1739270736050,83.85609882790595
1739270736050,83.85609882790595
1739270736050,83.85609882790595
1739270735043,83.7681606542319
1739270735043,83.7681606542319
1739270735043,83.7681606542319
1739270734049,83.51444882620126
1739270734049,83.51444882620126
1739270734049,83.51444882620126
1739270733043,83.81225815787911
1739270733043,83.81225815787911
1739270733043,83.81225815787911
1739270732049,84.00962960254401
1739270732049,84.00962960254401
1739270732049,84.00962960254401
1739270731047,84.11174363363534
1739270731047,84.11174363363534
1739270731047,84.11174363363534
1739270730047,84.21815062966198
1739270730047,84.21815062966198
1739270730047,84.21815062966198
1739270729036,84.2384237172082
1739270729036,84.2384237172082
1739270729036,84.2384237172082
1739270728039,84.35709325782955
1739270728039,84.35709325782955
1739270728039,84.35709325782955
1739270727040,83.94940921571106
1739270727040,83.94940921571106
1739270727040,83.94940921571106
1739270726050,84.02852080203593
1739270726050,84.02852080203593
1739270726050,84.02852080203593
1739270725070,83.84302451927215
1739270725070,83.84302451927215
1739270725070,83.84302451927215
1739270724043,83.8837803574279
1739270724043,83.8837803574279
1739270724043,83.8837803574279
1739270723043,84.06615624018013
1739270723043,84.06615624018013
1739270723043,84.06615624018013
1739270722047,83.98219268396497
1739270722047,83.98219268396497
1739270722047,83.98219268396497
1739270721045,83.94658210966736
1739270721045,83.94658210966736
1739270721045,83.94658210966736
1739270720043,83.62538778409362
1739270720043,83.62538778409362
1739270720043,83.62538778409362
1739270719043,84.15909039508551
1739270719043,84.15909039508551
1739270719043,84.15909039508551
1739270718040,84.30671358201653
1739270718040,84.30671358201653
1739270718040,84.30671358201653
1739270717042,83.66161209531128
1739270717042,83.66161209531128
1739270717042,83.66161209531128
1739270716041,83.62206545844674
1739270716041,83.62206545844674
1739270716041,83.62206545844674
1739270715043,83.62816363573074
1739270715043,83.62816363573074
1739270715043,83.62816363573074
1739270714042,83.81687368638813
1739270714042,83.81687368638813
1739270714042,83.81687368638813
1739270713046,84.45749844610691
1739270713046,84.45749844610691
1739270713046,84.45749844610691
1739270712047,85.02700155973434
1739270712047,85.02700155973434
1739270712047,85.02700155973434
1739270711048,85.09850654192269
1739270711048,85.09850654192269
1739270711048,85.09850654192269
1739270710048,85.02350089419633
1739270710048,85.02350089419633
1739270710048,85.02350089419633
1739270709040,85.12395832780749
1739270709040,85.12395832780749
1739270709040,85.12395832780749
1739270708050,85.56563020125031
1739270708050,85.56563020125031
1739270708050,85.56563020125031
1739270707048,85.57449095323682
1739270707048,85.57449095323682
1739270707048,85.57449095323682
1739270706037,85.94589372072369
1739270706037,85.94589372072369
1739270706037,85.94589372072369
1739270705043,86.01325970422477
1739270705043,86.01325970422477
1739270705043,86.01325970422477
1739270704039,86.45858673285693
1739270704039,86.45858673285693
1739270704039,86.45858673285693
1739270703043,87.30600542481989
1739270703043,87.30600542481989
1739270703043,87.30600542481989
1739270702034,87.5285130077973
1739270702034,87.5285130077973
1739270702034,87.5285130077973
1739270701040,87.97119819000363
1739270701040,87.97119819000363
1739270701040,87.97119819000363
1739270700048,88.01425094716251
1739270700048,88.01425094716251
1739270700048,88.01425094716251
1739270699059,88.14510634262115
1739270699059,88.14510634262115
1739270699059,88.14510634262115
1739270698055,88.49652102123946
1739270698055,88.49652102123946
1739270698055,88.49652102123946
1739270697036,88.68656276725233
1739270697036,88.68656276725233
1739270697036,88.68656276725233
1739270696040,89.00816972833127
1739270696040,89.00816972833127
1739270696040,89.00816972833127
1739270695044,88.96248918864876
1739270695044,88.96248918864876
1739270695044,88.96248918864876
1739270694043,88.67004928737879
1739270694043,88.67004928737879
1739270694043,88.67004928737879
1739270693041,88.43975125811994
1739270693041,88.43975125811994
1739270693041,88.43975125811994
1739270692047,88.791768880561
1739270692047,88.791768880561
1739270692047,88.791768880561
1739270691054,89.37917057238519
1739270691054,89.37917057238519
1739270691054,89.37917057238519
1739270690038,89.95231331139803
1739270690038,89.95231331139803
1739270690038,89.95231331139803
1739270689038,90.31910225283355
1739270689038,90.31910225283355
1739270689038,90.31910225283355
1739270688042,89.97263207100332
1739270688042,89.97263207100332
1739270688042,89.97263207100332
1739270687041,89.79478538315743
1739270687041,89.79478538315743
1739270687041,89.79478538315743
1739270686042,89.82441165857017
1739270686042,89.82441165857017
1739270686042,89.82441165857017
1739270685046,89.81112156342715
1739270685046,89.81112156342715
1739270685046,89.81112156342715
1739270684050,90.06915886607021
1739270684050,90.06915886607021
1739270684050,90.06915886607021
1739270683073,90.32788925990462
1739270683073,90.32788925990462
1739270683073,90.32788925990462
1739270682047,91.37128053512424
1739270682047,91.37128053512424
1739270682047,91.37128053512424
1739270681047,91.15874227695167
1739270681047,91.15874227695167
1739270681047,91.15874227695167
1739270680045,91.29893327225
1739270680045,91.29893327225
1739270680045,91.29893327225
1739270679044,91.10164055041969
1739270679044,91.10164055041969
1739270679044,91.10164055041969
1739270678050,91.6726554762572
1739270678050,91.6726554762572
1739270678050,91.6726554762572
1739270677047,91.44150379206985
1739270677047,91.44150379206985
1739270677047,91.44150379206985
1739270676038,91.62295435648412
1739270676038,91.62295435648412
1739270676038,91.62295435648412
1739270675038,91.93415208999068
1739270675038,91.93415208999068
1739270675038,91.93415208999068
1739270674055,91.88763745501637
1739270674055,91.88763745501637
1739270674055,91.88763745501637
1739270673063,91.98154333326966
1739270673063,91.98154333326966
1739270673063,91.98154333326966
1739270672048,91.8191651487723
1739270672048,91.8191651487723
1739270672048,91.8191651487723
1739270671051,91.95172032807022
1739270671051,91.95172032807022
1739270671051,91.95172032807022
1739270670046,91.95150822028518
1739270670046,91.95150822028518
1739270670046,91.95150822028518
1739270669046,92.39000934269279
1739270669046,92.39000934269279
1739270669046,92.39000934269279
1739270668050,92.56183313764632
1739270668050,92.56183313764632
1739270668050,92.56183313764632
1739270667051,92.8540362501517
1739270667051,92.8540362501517
1739270667051,92.8540362501517
1739270666044,92.70056668296456
1739270666044,92.70056668296456
1739270666044,92.70056668296456
1739270665046,92.27676974888891
1739270665046,92.27676974888891
1739270665046,92.27676974888891
1739270664051,92.49602945521474
1739270664051,92.49602945521474
1739270664051,92.49602945521474
1739270663048,93.36683490499854
1739270663048,93.36683490499854
1739270663048,93.36683490499854
1739270662049,93.88237979821861
1739270662049,93.88237979821861
1739270662049,93.88237979821861
1739270661050,93.3181566549465
1739270661050,93.3181566549465
1739270661050,93.3181566549465
1739270660048,93.767069847323
1739270660048,93.767069847323
1739270660048,93.767069847323
1739270659047,93.21470935828984
1739270659047,93.21470935828984
1739270659047,93.21470935828984
1739270658050,93.27608704008162
1739270658050,93.27608704008162
1739270658050,93.27608704008162
1739270657051,93.01933703292161
1739270657051,93.01933703292161
1739270657051,93.01933703292161
1739270656042,93.06227358616889
1739270656042,93.06227358616889
1739270656042,93.06227358616889
1739270655048,92.97326720226556
1739270655048,92.97326720226556
1739270655048,92.97326720226556
1739270654049,92.68979758396745
1739270654049,92.68979758396745
1739270654049,92.68979758396745
1739270653049,92.21682243235409
1739270653049,92.21682243235409
1739270653049,92.21682243235409
1739270652049,92.37795239780098
1739270652049,92.37795239780098
1739270652049,92.37795239780098
1739270651044,92.0889967624098
1739270651044,92.0889967624098
1739270651044,92.0889967624098
1739270650051,92.2995003471151
1739270650051,92.2995003471151
1739270650051,92.2995003471151
1739270649039,91.8828389365226
1739270649039,91.8828389365226
1739270649039,91.8828389365226
1739270648046,91.99654486216605
1739270648046,91.99654486216605
1739270648046,91.99654486216605
1739270647043,92.24206159636378
1739270647043,92.24206159636378
1739270647043,92.24206159636378
1739270646044,92.53762297332287
1739270646044,92.53762297332287
1739270646044,92.53762297332287
1739270645060,92.09839839953929
1739270645060,92.09839839953929
1739270645060,92.09839839953929
1739270644050,92.59403454139829
1739270644050,92.59403454139829
1739270644050,92.59403454139829
1739270643050,92.50662954989821
1739270643050,92.50662954989821
1739270643050,92.50662954989821
1739270642050,92.79425791837275
1739270642050,92.79425791837275
1739270642050,92.79425791837275
1739270641054,92.98726808466017
1739270641054,92.98726808466017
1739270641054,92.98726808466017
1739270640049,92.98382724449039
1739270640049,92.98382724449039
1739270640049,92.98382724449039
1739270639050,93.53885991778225
1739270639050,93.53885991778225
1739270639050,93.53885991778225
1739270638044,93.66359319258481
1739270638044,93.66359319258481
1739270638044,93.66359319258481
1739270637050,93.87659571412951
1739270637050,93.87659571412951
1739270637050,93.87659571412951
1739270636044,93.59761032555252
1739270636044,93.59761032555252
1739270636044,93.59761032555252
1739270635051,93.77841410320252
1739270635051,93.77841410320252
1739270635051,93.77841410320252
1739270634050,94.05827242694795
1739270634050,94.05827242694795
1739270634050,94.05827242694795
1739270633049,93.658826562576
1739270633049,93.658826562576
1739270633049,93.658826562576
1739270632041,92.9741864753887
1739270632041,92.9741864753887
1739270632041,92.9741864753887
1739270631040,92.67721936758608
1739270631040,92.67721936758608
1739270631040,92.67721936758608
1739270630042,92.54282563179731
1739270630042,92.54282563179731
1739270630042,92.54282563179731
1739270629050,92.52526680007577
1739270629050,92.52526680007577
1739270629050,92.52526680007577
1739270628047,92.14880105853081
1739270628047,92.14880105853081
1739270628047,92.14880105853081
1739270627049,91.96148807369173
1739270627049,91.96148807369173
1739270627049,91.96148807369173
1739270626040,92.13641599193215
1739270626040,92.13641599193215
1739270626040,92.13641599193215
1739270625041,89.55641821399331
1739270625041,89.55641821399331
1739270625041,89.55641821399331
1739270624038,88.93997958488762
1739270624038,88.93997958488762
1739270624038,88.93997958488762
1739270623037,89.55024197977036
1739270623037,89.55024197977036
1739270623037,89.55024197977036
1739270622048,90.7351179216057
1739270622048,90.7351179216057
1739270622048,90.7351179216057
1739270621053,91.2360975947231
1739270621053,91.2360975947231
1739270621053,91.2360975947231
1739270620058,91.214847875759
1739270620058,91.214847875759
1739270620058,91.214847875759
1739270619045,91.42329626623541
1739270619045,91.42329626623541
1739270619045,91.42329626623541
1739270618046,91.54004776384681
1739270618046,91.54004776384681
1739270618046,91.54004776384681
1739270617042,91.33969511464238
1739270617042,91.33969511464238
1739270617042,91.33969511464238
1739270616044,91.75237499643117
1739270616044,91.75237499643117
1739270616044,91.75237499643117
1739270615045,91.97350608278066
1739270615045,91.97350608278066
1739270615045,91.97350608278066
1739270614042,92.43747841753066
1739270614042,92.43747841753066
1739270614042,92.43747841753066
1739270613053,92.49768729135394
1739270613053,92.49768729135394
1739270613053,92.49768729135394
1739270612049,92.4621882326901
1739270612049,92.4621882326901
1739270612049,92.4621882326901
1739270611048,92.54494725354016
1739270611048,92.54494725354016
1739270611048,92.54494725354016
1739270610041,92.27898768987507
1739270610041,92.27898768987507
1739270610041,92.27898768987507
1739270609046,92.65525294374675
1739270609046,92.65525294374675
1739270609046,92.65525294374675
1739270608048,92.98787804506719
1739270608048,92.98787804506719
1739270608048,92.98787804506719
1739270607048,92.88383144047111
1739270607048,92.88383144047111
1739270607048,92.88383144047111
1739270606045,93.02727030869573
1739270606045,93.02727030869573
1739270606045,93.02727030869573
1739270605045,93.63831625692546
1739270605045,93.63831625692546
1739270605045,93.63831625692546
1739270604047,93.53440389689058
1739270604047,93.53440389689058
1739270604047,93.53440389689058
1739270603046,93.69674767740071
1739270603046,93.69674767740071
1739270603046,93.69674767740071
1739270602035,93.81584967672825
1739270602035,93.81584967672825
1739270602035,93.81584967672825
1739270601042,94.0475560752675
1739270601042,94.0475560752675
1739270601042,94.0475560752675
1739270600040,93.6241714283824
1739270600040,93.6241714283824
1739270600040,93.6241714283824
1739270599090,94.12302892003208
1739270599090,94.12302892003208
1739270599090,94.12302892003208
1739270598048,94.02231779228896
1739270598048,94.02231779228896
1739270598048,94.02231779228896
1739270597035,93.75019067991525
1739270597035,93.75019067991525
1739270597035,93.75019067991525
1739270596041,93.51612928323448
1739270596041,93.51612928323448
1739270596041,93.51612928323448
1739270595041,93.71398230548948
1739270595041,93.71398230548948
1739270595041,93.71398230548948
1739270594046,94.41473868582398
1739270594046,94.41473868582398
1739270594046,94.41473868582398
1739270593041,95.0185071900487
1739270593041,95.0185071900487
1739270593041,95.0185071900487
1739270592034,95.3586764568463
1739270592034,95.3586764568463
1739270592034,95.3586764568463
1739270591041,95.87495732586831
1739270591041,95.87495732586831
1739270591041,95.87495732586831
1739270590042,95.73341009393334
1739270590042,95.73341009393334
1739270590042,95.73341009393334
1739270589040,95.5604845751077
1739270589040,95.5604845751077
1739270589040,95.5604845751077
1739270588042,95.57964622974396
1739270588042,95.57964622974396
1739270588042,95.57964622974396
1739270587041,95.6307270815596
1739270587041,95.6307270815596
1739270587041,95.6307270815596
1739270586047,95.7626191759482
1739270586047,95.7626191759482
1739270586047,95.7626191759482
1739270585050,95.58774419501424
1739270585050,95.58774419501424
1739270585050,95.58774419501424
1739270584042,94.69842335395515
1739270584042,94.69842335395515
1739270584042,94.69842335395515
1739270583069,94.57885518204421
1739270583069,94.57885518204421
1739270583069,94.57885518204421
1739270582047,94.98042845912278
1739270582047,94.98042845912278
1739270582047,94.98042845912278
1739270581041,94.43030077964067
1739270581041,94.43030077964067
1739270581041,94.43030077964067
1739270580050,93.83200485631824
1739270580050,93.83200485631824
1739270580050,93.83200485631824
1739270579049,93.65179977566004
1739270579049,93.65179977566004
1739270579049,93.65179977566004
1739270578048,94.00012690015137
1739270578048,94.00012690015137
1739270578048,94.00012690015137
1739270577052,94.03203949984163
1739270577052,94.03203949984163
1739270577052,94.03203949984163
1739270576046,94.02798458468169
1739270576046,94.02798458468169
1739270576046,94.02798458468169
1739270575045,94.03205971885473
1739270575045,94.03205971885473
1739270575045,94.03205971885473
1739270574044,94.13739660475403
1739270574044,94.13739660475403
1739270574044,94.13739660475403
1739270573045,93.79013424087316
1739270573045,93.79013424087316
1739270573045,93.79013424087316
1739270572049,94.12303428724408
1739270572049,94.12303428724408
1739270572049,94.12303428724408
1739270571043,94.20471845008433
1739270571043,94.20471845008433
1739270571043,94.20471845008433
1739270570044,94.0810186304152
1739270570044,94.0810186304152
1739270570044,94.0810186304152
1739270569056,94.13406693376601
1739270569056,94.13406693376601
1739270569056,94.13406693376601
1739270568066,94.04480680916458
1739270568066,94.04480680916458
1739270568066,94.04480680916458
1739270567048,93.36567607428879
1739270567048,93.36567607428879
1739270567048,93.36567607428879
1739270566069,94.16326993890107
1739270566069,94.16326993890107
1739270566069,94.16326993890107
1739270565050,93.42816863115877
1739270565050,93.42816863115877
1739270565050,93.42816863115877
1739270564042,94.35508846119046
1739270564042,94.35508846119046
1739270564042,94.35508846119046
1739270563953,94.5501260496676
1739270563953,94.5501260496676
1739270563953,94.5501260496676
1739270562051,94.1511811427772
1739270562051,94.1511811427772
1739270562051,94.1511811427772
1739270561048,93.98572759702802
1739270561048,93.98572759702802
1739270561048,93.98572759702802
1739270560045,93.80465563759208
1739270560045,93.80465563759208
1739270560045,93.80465563759208
1739270559042,94.17571765277535
1739270559042,94.17571765277535
1739270559042,94.17571765277535
1739270558049,93.97742895781994
1739270558049,93.97742895781994
1739270558049,93.97742895781994
1739270557052,94.03718019276857
1739270557052,94.03718019276857
1739270557052,94.03718019276857
1739270556049,94.21999212168157
1739270556049,94.21999212168157
1739270556049,94.21999212168157
1739270555051,94.76505000237375
1739270555051,94.76505000237375
1739270555051,94.76505000237375
1739270554052,93.88959783967584
1739270554052,93.88959783967584
1739270554052,93.88959783967584
1739270553049,94.2037394028157
1739270553049,94.2037394028157
1739270553049,94.2037394028157
1739270552048,94.00299432873726
1739270552048,94.00299432873726
1739270552048,94.00299432873726
1739270551049,93.42242864985019
1739270551049,93.42242864985019
1739270551049,93.42242864985019
1739270550050,93.26683980599046
1739270550050,93.26683980599046
1739270550050,93.26683980599046
1739270549046,92.33445116039366
1739270549046,92.33445116039366
1739270549046,92.33445116039366
1739270548047,92.67887924518436
1739270548047,92.67887924518436
1739270548047,92.67887924518436
1739270547051,92.79689200036228
1739270547051,92.79689200036228
1739270547051,92.79689200036228
1739270546043,92.43685223069042
1739270546043,92.43685223069042
1739270546043,92.43685223069042
1739270545046,92.33908761572093
1739270545046,92.33908761572093
1739270545046,92.33908761572093
1739270544044,92.56160602811724
1739270544044,92.56160602811724
1739270544044,92.56160602811724
1739270543048,92.62536150589585
1739270543048,92.62536150589585
1739270543048,92.62536150589585
1739270542044,92.80087487399578
1739270542044,92.80087487399578
1739270542044,92.80087487399578
1739270541064,92.6153660826385
1739270541064,92.6153660826385
1739270541064,92.6153660826385
1739270540050,92.80184438824654
1739270540050,92.80184438824654
1739270540050,92.80184438824654
1739270539049,92.02112498879433
1739270539049,92.02112498879433
1739270539049,92.02112498879433
1739270538045,92.49479315429926
1739270538045,92.49479315429926
1739270538045,92.49479315429926
1739270537046,92.4196463841945
1739270537046,92.4196463841945
1739270537046,92.4196463841945
1739270536060,92.61312402132899
1739270536060,92.61312402132899
1739270536060,92.61312402132899
1739270535054,92.4194851135835
1739270535054,92.4194851135835
1739270535054,92.4194851135835
1739270534058,92.12391768395901
1739270534058,92.12391768395901
1739270534058,92.12391768395901
1739270533056,92.34831481054425
1739270533056,92.34831481054425
1739270533056,92.34831481054425
1739270532057,92.67471350543201
1739270532057,92.67471350543201
1739270532057,92.67471350543201
1739270531033,92.67846288625151
1739270531033,92.67846288625151
1739270531033,92.67846288625151
1739270530034,91.75620212778449
1739270530034,91.75620212778449
1739270530034,91.75620212778449
1739270529034,91.68195834942162
1739270529034,91.68195834942162
1739270529034,91.68195834942162
1739270528048,91.84064633958042
1739270528048,91.84064633958042
1739270528048,91.84064633958042
1739270527047,91.39262826088816
1739270527047,91.39262826088816
1739270527047,91.39262826088816
1739270526048,91.53130778577179
1739270525041,90.5722702331841
1739270524050,90.13433267083019
1739270523047,89.88857056107372
1739270522042,90.22426720988005
1739270521047,90.64441802818328
1739270520046,90.41395931877196
1739270519048,90.01658536214381
1739270518036,89.92456662934273
1739270517050,89.9562190938741
1739270516051,89.82850014884025
1739270515093,89.90441229380667
1739270514043,89.7259781146422
1739270513041,89.31411463208497
1739270512045,88.90760503243655
1739270511048,88.81179767195135
1739270510048,88.98194045666605
1739270509049,88.98638498596847
1739270508043,88.92339457198977
1739270507046,89.23959031701088
1739270506060,88.84226333443075
1739270505049,89.05338616203517
1739270504049,89.35859645996243
1739270503037,88.98045953735709
1739270502042,88.6253922265023
1739270501050,88.34282578155398
1739270500047,88.50418453291059
1739270499043,88.46958841662854
1739270498050,88.28574597183615
1739270497047,88.49500115774572
1739270496037,88.29172325041145
1739270495051,88.37393033783883
1739270494046,87.85410248022527
1739270493044,87.84919535275549
1739270492043,87.1709322668612
1739270491055,86.45390847325325
1739270490045,86.8191388444975
1739270489061,86.76149370893836
1739270488071,86.61085600499064
1739270487036,86.52619445417076
1739270486047,86.61910589318722
1739270485051,87.07829355541617
1739270484041,86.62050240766257
1739270483073,86.62085865810513
1739270482049,86.38211296312511
1739270481043,86.94620886072516
1739270480040,86.6860020570457
1739270479048,86.55601858440787
1739270478038,86.66769810486585
1739270477036,86.407790414989
1739270476043,86.1003734273836
1739270475042,86.13698418065906
1739270474040,86.04066227003932
1739270473040,86.89224634412676
1739270472037,88.2165193092078
1739270471052,88.16252730879933
1739270470033,88.52027706801891
1739270469034,88.44705060776323
1739270468043,88.60162992682308
1739270467040,88.20786880794913
1739270466056,87.62946039065719
1739270465040,87.19093306269497
1739270464040,87.22286242153496
1739270463042,87.26460463739932
1739270462044,87.13106896076351
1739270461060,87.47066342551261
1739270460043,87.9047402702272
1739270459043,88.36129300203174
1739270458044,88.85177603457123
1739270457049,89.63736225385219
1739270456042,89.8739867201075
1739270455045,90.64449483994395
1739270454047,91.18910556938499
1739270453048,91.26496041566133
1739270452040,91.1222058814019
1739270451041,91.3691513966769
1739270450045,91.78883517161012
1739270449050,91.58944479189813
1739270448039,91.74239520169795
1739270447045,92.14975456148386
1739270446044,92.04137833416462
1739270445042,92.26165331620723
1739270444041,92.08687458653003
1739270443042,92.33936002384871
1739270442042,92.48686762712896
1739270441043,92.51675046887249
1739270440035,92.54829522315413
1739270439036,92.69840736035258
1739270438037,92.74675822164863
1739270437050,93.01261403504759
1739270436037,92.54923845082521
1739270435036,92.77920825313777
1739270434041,92.47118873335421
1739270433044,92.67654115892947
1739270432046,92.78751246165484
1739270431049,93.13497840706259
1739270430037,93.07303274516016
1739270429041,93.3599530076608
1739270428048,93.43553230538964
1739270427049,93.41071297414601
1739270426048,93.43529292847961
1739270425050,93.61419671494514
1739270424046,93.36231692973524
1739270423051,93.8643448157236
1739270422050,93.78788130171597
1739270421047,93.86790970806032
1739270420052,94.24114179145545
1739270419045,94.28370588831604
1739270418047,94.03115670755506
1739270417043,93.97457447834313
1739270416052,94.01724060438573
1739270415041,94.50575213227421
1739270414052,94.55036289617419
1739270413039,94.53682025987655
1739270412047,94.49089671578258
1739270411062,94.45965643785894
1739270410042,94.66785537358373
1739270409058,94.26012776885182
1739270408047,93.79946047533303
1739270407050,93.90575564559549
1739270406049,94.0626704255119
1739270405049,94.13518285192549
1739270404050,93.99423929303885
1739270403043,94.44152678642422
1739270402041,94.64843176584691
1739270401046,94.99436645489186
1739270400050,94.85095941834152
1739270399051,94.98797841928899
1739270398050,95.09998268261552
1739270397043,95.12671524193138
1739270396046,95.08643853012472
1739270395048,95.24630708992481
1739270394044,95.39412469696254
1739270393044,95.9707060456276
1739270392045,95.71614119317383
1739270391046,95.52056499570608
1739270390043,95.79131030663848
1739270389048,95.9330432638526
1739270388042,96.18117596954107
1739270387047,96.19962213560939
1739270386044,96.83765814919025
1739270385050,97.1749133579433
1739270384052,97.20433267392218
1739270383075,96.7176726795733
1739270382058,96.97509383875877
1739270381058,96.94514276832342
1739270380059,96.9355676881969
1739270379050,97.26895257364959
1739270378046,97.1114203138277
1739270377045,97.50046817678958
1739270376044,96.84908621478826
1739270375038,96.48413804545999
1739270374051,97.26521133538336
1739270373053,97.37205398268998
1739270372047,97.5864740172401
1739270371050,97.56717635504901
1739270370047,97.40837161056697
1739270369048,97.87867485918105
1739270368046,97.62776482012123
1739270367049,97.37765800207853
1739270366051,97.42228761687875
1739270365052,98.25711622368544
1739270364048,98.48340126033872
1739270363042,99.37559814378619
1739270362049,99.51929945964366
1739270361048,99.4009580379352
1739270360038,99.31668056733906
1739270359045,99.9109981302172
1739270358057,100.01874831877649
1739270357050,100.32545492704958
1739270356049,101.28465451300144
1739270355041,101.39847138524055
1739270354049,100.57402489241213
1739270353052,100.70162762794644
1739270352041,101.44732868578285
1739270351038,100.93481660541147
1739270350040,100.72757626790553
1739270349049,100.63102333061397
1739270348052,100.9034360544756
1739270347050,101.27072902396321
1739270346048,100.3795892521739
1739270345045,100.27551039960235
1739270344047,99.72207066696137
1739270343050,98.91126144304872
1739270342050,99.05770428758115
1739270341047,99.26588550768793
1739270340040,99.38614923413843
1739270339045,97.90240857191384
1739270338054,97.72796045430005
1739270337041,97.43831691518426
1739270336046,96.91037188470364
1739270335045,96.88407338503748
1739270334040,96.5267543271184
1739270333036,96.2718807766214
1739270332052,96.78356852103025
1739270331037,96.8798544863239
1739270330041,96.53097047004849
1739270329064,96.37408191151917
1739270328044,96.26558179222047
1739270327048,97.59218754339963
1739270326050,99.61827707663178
1739270325047,99.8527854597196
1739270324050,100.12247125897557
1739270323048,100.40058912429959
1739270322048,100.69115168694407
1739270321046,100.52557629626244
1739270320042,101.0396133121103
1739270319045,100.7969515286386
1739270318047,100.58653664309531
1739270317053,100.536009343341
1739270316075,100.12087356485426
1739270315048,100.1948364796117
1739270314029,100.43358652759343
1739270313058,99.6464313250035
1739270312042,99.4328796742484
1739270311053,99.82628288213164
1739270310060,100.05221912264824
1739270309053,99.12573455180973
1739270308043,99.05626523308456
1739270307040,99.34734833054245
1739270306046,99.62633511796594
1739270305050,99.46396300848573
1739270304041,100.17077228613198
1739270303042,99.90954851172864
1739270302041,99.79525015875697
1739270301037,101.05751058459282
1739270300048,101.62020785640925
1739270299043,101.77862576860934
1739270298039,101.72008157055825
1739270297036,101.4088029647246
1739270296040,101.33274607080966
1739270295036,101.82979147136211
1739270294039,102.16594689525664
1739270293089,102.47102718055248
1739270292033,102.71571844816208
1739270291028,102.95542166940868
1739270290033,103.10989311151206
1739270289039,102.6940214810893
1739270288034,102.80273350514472
1739270287044,102.84769848454744
1739270286042,103.18744451738894
1739270285037,103.10081008262932
1739270284040,103.25958889443427
1739270283095,103.47094787098467
1739270282043,103.34483312442899
1739270281035,103.43035443779081
1739270280034,103.73902837838978
1739270279036,104.04884329997003
1739270278043,104.27839365135878
1739270277034,103.9314587218687
1739270276035,103.69748670328408
1739270275036,103.47614915296435
1739270274039,104.11004236713052
1739270273041,104.04162552207708
1739270272040,103.78918360732496
1739270271125,104.28831448033452
1739270270151,104.38572112563998
1739270269107,104.74678242951632
1739270268043,104.84855421073735
1739270267051,105.0819545853883
1739270266041,105.02086907904595
1739270265036,105.14213832560927
1739270264037,104.51993690710515
1739270263036,104.53510778769851
1739270262061,104.71087424177676
1739270261041,104.54768214002252
1739270260051,104.80198059231043
1739270259037,104.92898539453745
1739270258043,104.83780466020107
1739270257036,104.25202325638384
1739270256035,103.78824356663972
1739270255037,103.47193055506796
1739270254035,103.10677558556199
1739270253033,103.21237194072455
1739270252050,103.84195396024734
1739270251033,104.33518765028566
1739270250046,103.79783099330962
1739270249046,103.17876504454762
1739270248047,103.31256304122508
1739270247042,103.82904264796525
1739270246041,104.23603375721723
1739270245047,104.28924017120153
1739270244048,104.45258183404803
1739270243042,104.83713086973876
1739270242039,105.96648856718093
1739270241045,106.10479910764843
1739270240045,106.61155502032489
1739270239037,106.76169570814818
1739270238040,107.1017278470099
1739270237039,107.19701643567532
1739270236041,107.35818642470986
1739270235035,106.84650172106922
1739270234037,106.85816256329417
1739270233052,107.28580910619348
1739270232040,107.03179322648793
1739270231037,107.28086938615888
1739270230038,107.1858885474503
1739270229173,106.99746967013925
1739270228039,107.08340979553759
1739270227057,106.78524308186024
1739270226082,106.94812031276524
1739270225041,106.81353961024433
1739270224037,107.01947169750929
1739270223043,106.53882604185492
1739270222044,106.47034595906734
1739270221046,106.78312513697892
1739270220039,107.5270470296964
1739270219041,107.01423585787416
1739270218055,107.1020547254011
1739270217037,107.46940287109464
1739270216034,107.53027206845582
1739270215036,107.53341529984027
1739270214050,107.55289318133146
1739270213032,107.49781179241836
1739270212049,107.44397085346282
1739270211051,107.60339340008795
1739270210038,107.46373732481152
1739270209039,107.59542176220566
1739270208041,107.3762924298644
1739270207048,107.19814579654485
1739270206044,107.1170624634251
1739270205037,106.67013014666736
1739270204048,106.6804299429059
1739270203034,106.39928654115647
1739270202042,106.32319003622979
1739270201040,105.94095196761191
1739270200049,105.98148806858808
1739270199042,106.31596805341542
1739270198045,106.66242951247841
1739270197037,106.98489840328693
1739270196039,106.93431873805821
1739270195342,107.0717770382762
1739270195331,107.05957309622318
1739270193039,107.00680082384497
1739270192038,107.19009360205382
1739270191039,107.48759386315942
1739270190043,107.5852323723957
1739270189046,107.75458363816142
1739270188044,108.17042724136263
1739270187042,107.7878107605502
1739270186041,108.14047314785421
1739270185048,108.22389504499733
1739270184050,108.89561687130481
1739270183067,108.52979847975075
1739270182047,107.71803075540811
1739270181047,107.66622712090611
1739270180043,108.53025985509157
1739270179041,108.05986112635583
1739270178047,107.7233196767047
1739270177046,107.50154755357653
1739270176038,107.52557467669249
1739270175046,107.60522409714758
1739270174055,108.01759854517877
1739270173047,107.98211456928402
1739270172056,108.26686490606517
1739270171038,108.62397740315646
1739270170049,108.9861945733428
1739270169039,108.25163665879518
1739270168040,108.28566900081933
1739270167045,108.89837199542671
1739270166037,108.60752463992685
1739270165036,108.86752697546035
1739270164042,108.63109158352017
1739270163045,109.01539819035679
1739270162050,109.30769689101726
1739270161041,109.26042279601097
1739270160046,109.4937146641314
1739270159045,109.54611673019826
1739270158050,109.56199111696333
1739270157046,109.24057022761554
1739270156040,109.84871824923903
1739270155040,109.73590952996165
1739270154039,109.62955147773027
1739270153042,109.7247512480244
1739270152049,109.73805521801114
1739270151043,109.29408166650683
1739270150046,109.2041071979329
1739270149048,109.77876597456634
1739270148043,110.26866980828345
1739270147051,110.51219016686082
1739270146039,110.2776021277532
1739270145048,110.59931480698287
1739270144046,111.24423324875534
1739270143037,110.71755378320813
1739270142049,111.31169665232301
1739270141048,111.05083596240729
1739270140048,111.25920231547207
1739270139041,111.23391466401517
1739270138038,111.31644471269101
1739270137049,111.65691545978189
1739270136048,112.0928779123351
1739270135055,112.42405228875577
1739270134051,112.94821966160089
1739270133033,112.81158953905106
1739270132056,113.14987841807306
1739270131040,113.67319403868169
1739270130051,114.2580893766135
1739270129054,114.37700609304011
1739270128046,114.87198392208666
1739270127063,114.91122062224895
1739270126036,114.80168912466615
1739270125050,114.57512538693845
1739270124039,114.50216183904558
1739270123045,114.65102889481932
1739270122051,114.13838004413992
1739270121054,114.10185194853693
1739270120040,113.4545194497332
1739270119072,112.79697565641254
1739270118046,112.80280588567257
1739270117048,112.80752579122782
1739270116046,112.67180914524943
1739270115045,112.67394634708762
1739270114047,111.86337323766202
1739270113047,112.1352760316804
1739270112047,112.65795090142637
1739270111048,113.00663201697171
1739270110047,112.91243844758719
1739270109042,112.63187678530812
1739270108045,112.60782736819237
1739270107040,113.23938380461186
1739270106050,112.70643539074808
1739270105041,112.94612757954746
1739270104048,113.00329030863941
1739270103045,113.87086123786867
1739270102042,114.02732560876757
1739270101048,113.94784017466009
1739270100047,114.27935391757637
1739270099036,114.59430594742298
1739270098042,114.68195727095008
1739270097041,114.70336014498025
1739270096059,113.98581307660788
1739270095049,114.32208675984293
1739270094044,114.93861917033792
1739270093045,115.16310131642967
1739270092050,114.9274023771286
1739270091044,114.38419335242361
1739270090047,113.93259339593351
1739270089047,113.67904461361468
1739270088046,113.56937727332115
1739270087042,114.24829645641148
1739270086047,113.95735354255885
1739270085039,113.3009801292792
1739270084043,113.07120281178504
1739270083058,112.52992684952915
1739270082042,113.04654343053699
1739270081045,113.91158399917185
1739270080045,113.30547830834985
1739270079040,113.51420468837023
1739270078046,113.7089534914121
1739270077048,113.5680583436042
1739270076046,113.74406259320676
1739270075046,113.66471686027944
1739270074046,113.40222582034767
1739270073037,113.29931869637221
1739270072040,112.60488206427544
1739270071047,112.49739192612469
1739270070054,112.73736902885139
1739270069039,113.56940989661962
1739270068046,112.71227951161563
1739270067040,111.83988051209599
1739270066047,111.2640267862007
1739270065040,111.86680269334465
1739270064046,112.0749660776928
1739270063044,112.02079008892179
1739270062050,112.24542501755059
1739270061046,112.41849045734853
1739270060041,112.68783438019454
1739270059041,112.98868572432548
1739270058045,113.07433422468603
1739270057041,113.46484415605664
1739270056042,113.15601220913231
1739270055043,112.92408966086805
1739270054050,113.43069224525243
1739270053042,113.75256437808275
1739270052041,113.58787597902119
1739270051040,112.68034401815385
1739270050041,112.57638088148087
1739270049042,112.57678343262523
1739270048043,112.71366736665368
1739270047052,113.00959980860353
1739270046048,114.02737224195153
1739270045038,115.07673606276512
1739270044040,116.11205983906984
1739270043048,115.10134132485837
1739270042054,115.12466670572758
1739270041049,115.60741391219199
1739270040051,115.6879622573033
1739270039044,115.62280865106732
1739270038042,116.08903218526393
1739270037050,116.87400855123997
1739270036049,116.93417958728969
1739270035051,116.40795616991818
1739270034043,116.44638188928366
1739270033050,116.63729742914438
1739270032043,116.66361587774009
1739270031046,117.07758389692754
1739270030045,117.43000660091639
1739270029043,117.74483498837799
1739270028039,118.0330162178725
1739270027050,117.54435153398663
1739270026047,117.9876716947183
1739270025043,118.97764152474701
1739270024051,118.3525564931333
1739270023046,118.26446301769465
1739270022045,118.35997799411416
1739270021049,119.3580377381295
1739270020043,119.41207541711628
1739270019039,119.4137201178819
1739270018053,119.89181489311159
1739270017047,120.02854400593787
1739270016048,119.51076864264905
1739270015046,119.73570489976555
1739270014045,119.94700063206255
1739270013050,118.850491033867
1739270012047,118.77051191870123
1739270011047,118.35906868427992
1739270010054,118.68622668087482
1739270009037,118.6597085846588
1739270008046,118.74546009395272
1739270007048,118.6766960574314
1739270006040,118.27870115637779
1739270005047,118.5814084559679
1739270004042,118.30902518890798
1739270003040,118.23660185188055
1739270002039,118.45341714005917
1739270001041,119.82318308018148
1739270000046,119.58948347344995
1739269999040,119.722142200917
1739269998043,120.78623933997005
1739269997040,120.42921167332679
1739269996041,120.23765631113201
1739269995038,120.306795489043
1739269994040,120.80113803688437
1739269993045,120.32749440893531
1739269992043,120.39991390984505
1739269991043,120.4925621766597
1739269990038,119.11248618271202
1739269989043,119.34409152157605
1739269988041,119.57608186081052
1739269987047,119.84024867787957
1739269986042,120.53819107916206
1739269985047,120.84664734452963
1739269984046,120.16880020312965
1739269983068,120.8752391403541
1739269982047,121.4304049341008
1739269981041,121.76280333288014
1739269980045,122.19808895234019
1739269979046,122.47126429993659
1739269978038,123.3174941772595
1739269977040,122.96157602965832
1739269976041,122.55112538393587
1739269975051,122.19734598416835
1739269974040,122.32756335195154
1739269973040,122.12436141166836
1739269972037,122.24537292588502
1739269971039,122.28033380769193
1739269970040,121.94425551127642
1739269969044,122.31463509146124
1739269968042,122.20474166795611
1739269967040,122.06225248798728
1739269966044,122.78009250294417
1739269965039,123.38107433915138
1739269964063,123.8671755976975
1739269963041,122.91990438196808
1739269962030,122.74026728793979
1739269961039,122.47751936223358
1739269960036,122.24691737815738
1739269959036,122.73282998986542
1739269958038,122.44233040791005
1739269957048,121.97730724420398
1739269956041,122.07037636823952
1739269955044,122.00825312919915
1739269954048,122.39602464437485
1739269953038,122.89511459320784
1739269952053,122.80309131089598
1739269951054,122.96044340543449
1739269950046,123.20236505847424
1739269949044,123.59574902430177
1739269948045,122.99632282927632
1739269947044,123.28986988868564
1739269946046,123.69653953332454
1739269945046,123.68423328641802
1739269944042,123.97039463091642
1739269943036,123.02052285335958
1739269942051,122.05811950191855
1739269941048,122.29623432457447
1739269940058,122.09528154227883
1739269939043,122.27241426333785
1739269938055,122.20297864358872
1739269937062,122.0700297197327
1739269936041,121.60701427794993
1739269935053,121.43769990745932
1739269934048,120.98189503420144
1739269933049,120.3479451853782
1739269932037,120.52559079416096
1739269931045,120.38983878865838
1739269930047,119.82379959803075
1739269929038,119.72432975843549
1739269928046,119.29808973800391
1739269927046,119.58327877800912
1739269926045,119.3951905509457
1739269925047,119.26330363657326
1739269924044,118.79038894362748
1739269923041,118.51559220720083
1739269922044,118.34589105471969
1739269921031,118.13310165330768
1739269920045,118.11549068242311
1739269919048,117.8012428516522
1739269918048,118.20895138941705
1739269917044,117.98510724306107
1739269916044,117.9337225779891
1739269915042,117.18165616411716
1739269914038,117.85428284015507
1739269913049,117.96664517372847
1739269912060,117.89196532405913
1739269911045,118.1903206994757
1739269910064,118.39714464731514
1739269909073,118.01652035210282
1739269908049,117.96044180728495
1739269907049,118.22173574753106
1739269906041,118.62828433793038
1739269905041,119.02523852139711
1739269904045,119.01881696283817
1739269903046,119.43821212183684
1739269902040,119.69233082421124
1739269901047,119.9118574950844
1739269900045,120.06525784824044
1739269899037,119.99017141666263
1739269898037,120.34468216914684
1739269897041,120.08792329579592
1739269896044,120.01144124008715
1739269895044,120.38737219013274
1739269894044,120.38962074741721
1739269893048,120.62865327205509
1739269892046,121.20513912383467
1739269891048,121.22595101874322
1739269890037,121.56549377460033
1739269889046,121.45750356372446
1739269888047,121.2363570611924
1739269887048,121.59833994880319
1739269886043,121.53345099743456
1739269885048,122.1602640748024
1739269884048,121.28581861313432
1739269883084,121.18067403882742
1739269882077,120.69278841745108
1739269881046,120.41318743862212
1739269880047,120.22040576580912
1739269879051,120.66434937808663
1739269878047,120.83577766548842
1739269877046,120.10484004858881
1739269876048,119.8692784383893
1739269875047,118.9664950761944
1739269874042,119.12096146866679
1739269873047,118.89970481023192
1739269872039,119.09245267231017
1739269871039,118.61897591128945
1739269870037,119.0878430083394
1739269869037,118.95193694997579
1739269868049,119.1780335335061
1739269867047,118.67804556153715
1739269866043,118.32888697367162
1739269865047,118.20732363685966
1739269864041,118.18669335264713
1739269863036,117.87198360916227
1739269862039,118.06816734559834
1739269861039,117.94575437158346
1739269860036,117.98873949795961
1739269859036,117.49450467247516
1739269858050,117.43113301694393
1739269857054,117.39219541382045
1739269856046,117.15763416606933
1739269855043,117.1811702111736
1739269854039,117.41684968955815
1739269853051,116.77787111513317
1739269852041,116.04227910470217
1739269851042,116.17979364935309
1739269850044,116.30276520457119
1739269849053,117.0438876831904
1739269848047,117.41445437446237
1739269847044,117.4941547093913
1739269846048,117.78240570332855
1739269845043,117.75656068045646
1739269844046,118.09430914930999
1739269843040,118.3089708732441
1739269842040,117.60968010220677
1739269841045,117.41273145377636
1739269840050,117.79172157216817
1739269839038,117.73711848724633
1739269838044,118.27729323878884
1739269837044,117.53767759446055
1739269836048,117.6964863538742
1739269835046,117.92287560552359
1739269834037,117.99340612906963
1739269833047,118.13624815363437
1739269832052,118.03391514904797
1739269831044,117.95222149137408
1739269830045,118.26222035847604
1739269829038,118.41683213971555
1739269828047,117.50575495418161
1739269827044,117.42638423107564
1739269826049,116.9181007836014
1739269825049,117.46319903898984
1739269824045,117.76880211941898
1739269823049,117.91167940478772
1739269822049,117.7765347873792
1739269821046,117.75109482277185
1739269820045,117.81996904220432
1739269819049,117.75951142981648
1739269818045,117.5250969491899
1739269817045,117.42321323417127
1739269816047,117.81995754316449
1739269815047,117.6933467136696
1739269814045,118.55143267475069
1739269813049,118.25075995083898
1739269812047,118.5008321562782
1739269811045,118.77153053507209
1739269810045,118.65604221727699
1739269809036,118.99667623080313
1739269808048,119.5859046112746
1739269807050,119.08668079972267
1739269806041,119.94380401913077
1739269805050,120.003194748424
1739269804042,120.17086762562394
1739269803046,120.5182369472459
1739269802041,121.15195069462061
1739269801039,121.28115965612233
1739269800038,121.06925165187567
1739269799057,121.04108750913292
1739269798050,120.73810262791812
1739269797036,121.23735222127289
1739269796042,121.04490280151367
1739269795049,121.4085747776553
1739269794048,121.13963609747589
1739269793046,120.78391861356795
1739269792039,120.80942228808999
1739269791042,120.66921427752823
1739269790049,120.49810132943094
1739269789051,120.30383165739477
1739269788047,120.67399306222796
1739269787041,120.49203068390489
1739269786048,120.45122040901333
1739269785052,119.95754630677402
1739269784046,120.0444750348106
1739269783063,120.27544899377972
1739269782045,120.42273092735559
1739269781038,119.98697842191905
1739269780044,120.09176439419389
1739269779053,121.18597627617419
1739269778065,121.78803353197873
1739269777062,121.93012974970043
1739269776051,122.18796697258949
1739269775057,121.75264169555157
1739269774054,122.27848169859499
1739269773055,122.17178261838853
1739269772046,122.42144818138331
1739269771044,122.48329737130553
1739269770049,122.67865969613194
1739269769035,123.30271595995873
1739269768047,123.15589360427111
1739269767044,122.99609247222543
1739269766040,123.06860704533756
1739269765047,123.0829201983288
1739269764044,123.34799062274396
1739269763038,124.01829656027257
1739269762041,123.97327746357769
1739269761041,124.38591611012816
1739269760047,124.31878621131182
1739269759049,124.43325265403837
1739269758048,124.55396722257137
1739269757049,124.74208642262965
1739269756047,125.82722606509924
1739269755044,126.63117179553956
1739269754045,127.07860259711742
1739269753044,127.87639509793371
1739269752093,127.63377613015473
1739269751052,127.7568441350013
1739269750050,126.94888523034751
1739269749041,127.00157407764345
1739269748046,127.58217248972505
1739269747047,126.80273841880262
1739269746043,127.12938687391579
1739269745047,126.87171407788992
1739269744046,126.85141525883228
1739269743036,127.44734604749829
1739269742042,126.83044071216136
1739269741047,126.95329230744392
1739269740039,126.4548719143495
1739269739048,126.07877391111106
1739269738049,125.92148225102574
1739269737038,126.00660907756537
1739269736053,125.79163359105587
1739269735047,125.95318741071969
1739269734044,126.0077652707696
1739269733044,125.58940198458731
1739269732041,125.59716928750277
1739269731047,125.80960430763662
1739269730035,125.9434200823307
1739269729047,125.86538622621447
1739269728048,125.78707660827786
1739269727039,126.06261654291302
1739269726041,126.2951615601778
1739269725042,126.73943323642015
1739269724054,126.81087163556367
1739269723049,127.10153107438236
1739269722038,126.84456258453429
1739269721049,127.30789714306593
1739269720046,127.45274824555963
1739269719040,127.75387961417437
1739269718041,126.98626492358744
1739269717042,127.15307108405977
1739269716041,127.05920558050275
1739269715046,127.28165927901864
1739269714045,126.95520767383277
1739269713040,126.72906146850437
1739269712048,126.79952532611787
1739269711043,126.44990181457251
1739269710042,127.96313862781972
1739269709037,127.5302613331005
1739269708040,126.95249933190644
1739269707042,126.94216842297465
1739269706039,126.97855025622994
1739269705047,126.76921146269888
1739269704041,126.83702163212001
1739269703043,126.68113236874342
1739269702037,126.58050122112036
1739269701045,126.40084631368518
1739269700066,126.6882248017937
1739269699028,126.69993949960917
1739269698046,126.47671012952924
1739269697061,126.57517460174859
1739269696047,126.94199520908296
1739269695047,126.74552329163998
1739269694047,126.89114382863045
1739269693048,126.71217473689467
1739269692047,127.4170504976064
1739269691046,127.91213654633611
1739269690044,127.84025298338383
1739269689035,127.91580000240356
1739269688047,128.56612322758883
1739269687047,128.4406405389309
1739269686046,128.46238798554987
1739269685043,128.22481588926166
1739269684048,128.18405618984252
1739269683063,128.62144094426185
1739269682048,129.29456549044698
1739269681047,129.11023492831737
1739269680047,129.09440944064409
1739269679057,129.31618476938456
1739269678056,129.47718289121985
1739269677038,129.3559994790703
1739269676048,128.89328260533512
1739269675049,129.34030861780047
1739269674045,129.3845000816509
1739269673065,129.2241818746552
1739269672064,129.53071443084627
1739269671068,129.6250375667587
1739269670048,130.42652995418757
1739269669042,130.09259818308055
1739269668042,130.4309704322368
1739269667044,129.8551149731502
1739269666047,129.4744908073917
1739269665049,129.19767064787447
1739269664041,130.19088026415557
1739269663041,129.70110374037176
1739269662052,130.33930518198758
1739269661048,130.09316768404096
1739269660048,129.96725354064256
1739269659041,129.9293676223606
1739269658044,130.55668453499675
1739269657047,131.64444429893047
1739269656046,131.82808247581124
1739269655051,131.32001076918095
1739269654050,131.34455312322825
1739269653042,131.44032886624336
1739269652044,131.3990123225376
1739269651049,131.37402202375233
1739269650039,131.6820145221427
1739269649044,131.94268357474357
1739269648047,131.85094217769802
1739269647046,131.80145416595042
1739269646041,131.6499276617542
1739269645047,131.53753504529595
1739269644071,131.3764973981306
1739269643047,131.2539218235761
1739269642050,131.23156687710434
1739269641049,130.91563671920449
1739269640048,130.7806252129376
1739269639047,131.11828091274947
1739269638046,131.13907426968217
1739269637046,131.1356410002336
1739269636045,130.89151485823095
1739269635049,130.98439044505358
1739269634041,131.20658915583044
1739269633050,132.10379295703024
1739269632049,132.2026919312775
1739269631048,131.91384811885655
1739269630041,132.0617451183498
1739269629047,132.2655490906909
1739269628048,131.84735610708594
1739269627055,132.0731122409925
1739269626044,132.33724625222385
1739269625049,132.625980226323
1739269624048,131.915826452896
1739269623046,132.21721048559994
1739269622046,131.61045389436185
1739269621045,132.35452473629266
1739269620039,132.59336585365236
1739269619050,132.21663237083703
1739269618040,132.328457666561
1739269617047,132.88023604359478
1739269616048,133.33898068405688
1739269615047,133.6096388977021
1739269614049,133.3565482487902
1739269613051,133.2619209960103
1739269612047,133.4323658812791
1739269611040,133.42040458973497
1739269610057,133.47851521056145
1739269609054,133.49279550649226
1739269608048,133.48359747976065
1739269607054,133.18722064606845
1739269606049,133.05988312326372
1739269605056,133.5143481530249
1739269604057,134.19122850336134
1739269603047,134.21436543017626
1739269602038,133.89954993501306
1739269601054,134.3419172745198
1739269600049,134.6922752512619
1739269599041,134.76737482380122
1739269598047,135.0627055130899
1739269597037,135.35478139389306
1739269596044,135.7451255628839
1739269595051,135.01626376993954
1739269594048,135.45534497499466
1739269593045,135.27782225981355
1739269592052,135.5900335116312
1739269591043,135.7229431802407
1739269590053,135.56432184949517
1739269589045,135.8426490034908
1739269588047,136.31417872011662
1739269587046,136.27176575828344
1739269586044,136.295156926848
1739269585039,136.24460110347718
1739269584040,136.3852355480194
1739269583069,136.48736093658954
1739269582048,136.34758499916643
1739269581049,136.9624469652772
1739269580048,136.62230036314577
1739269579048,136.9168943138793
1739269578042,136.63090138416737
1739269577048,136.92502338718623
1739269576048,136.6849383879453
1739269575055,136.37596327718347
1739269574041,136.07390841376036
1739269573042,136.3352454379201
1739269572043,136.03900897037238
1739269571048,136.36367585882545
1739269570037,135.89774917531759
1739269569042,135.59033171273768
1739269568044,135.05880752857774
1739269567045,135.66803461965173
1739269566054,135.89221482072026
1739269565055,135.72790731303394
1739269564046,135.8263447135687
1739269563039,135.6961604701355
1739269562048,136.27361007779837
1739269561049,135.86680527683347
1739269560048,136.8568891454488
1739269559041,136.62830173689872
1739269558049,136.17569653317332
1739269557045,136.47105660289526
1739269556049,136.27864741999656
1739269555051,136.332432994619
1739269554048,136.47906463313848
1739269553048,136.33051815535873
1739269552053,135.68143624346703
1739269551044,135.74505651928484
1739269550045,136.19564284011722
1739269549049,135.69647854659706
1739269548046,135.05052569508553
1739269547047,135.1304621445015
1739269546045,135.16835714224726
1739269545046,134.91689984872937
1739269544049,135.1184787619859
1739269543047,135.1002687625587
1739269542049,134.52864898741245
1739269541049,134.03059372119606
1739269540049,134.11313753016293
1739269539047,134.38945277314633
1739269538048,134.73043503053486
1739269537047,134.6860829256475
1739269536042,134.9320956589654
1739269535050,134.88148759119213
1739269534042,135.19281399436295
1739269533043,135.46421734709293
1739269532043,135.63642067555338
1739269531041,136.1544421100989
1739269530044,136.20099122449756
1739269529043,136.95558241102844
1739269528047,136.96704989485443
1739269527043,137.12049360293895
1739269526047,136.99770504701883
1739269525050,137.78629110381007
1739269524046,138.01576593145728
1739269523047,137.94413066841662
1739269522042,138.142958663404
1739269521047,138.72528417035937
1739269520047,139.23312290385365
1739269519048,139.59710534941405
1739269518047,139.81245494820178
1739269517047,139.85686540510505
1739269516059,139.9137074491009
1739269515039,139.99409192148596
1739269514038,140.84125076420605
1739269513045,141.12190149724483
1739269512098,141.20114511996508
1739269511063,141.1922060009092
1739269510062,141.32367511559278
1739269509041,141.74285016953945
1739269508050,141.85768148861825
1739269507051,141.40721186436713
1739269506048,141.72056605108082
1739269505045,141.56760203186423
1739269504045,141.6563801104203
1739269503047,141.47026925720274
1739269502043,140.99244734738022
1739269501040,141.2399284830317
1739269500049,140.6746299797669
1739269499043,140.5622247196734
1739269498048,140.84461265150458
1739269497041,140.82190291583538
1739269496048,140.78374928608537
1739269495048,140.99233830533922
1739269494056,140.80950128473341
1739269493045,140.9334386223927
1739269492046,140.32085982337594
1739269491045,140.5803467715159
1739269490044,140.94607986789197
1739269489041,140.86103940196335
1739269488039,140.85448675323278
1739269487039,140.67486171610653
1739269486038,140.89219708833843
1739269485038,140.6876393565908
1739269484053,140.12220524530858
1739269483069,140.26270388439298
1739269482041,140.38662306685
1739269481045,140.79838519357145
1739269480046,140.81793752871454
1739269479041,140.34374074172229
1739269478048,140.1321846228093
1739269477049,140.89588356297463
1739269476039,140.36132851988077
1739269476039,140.36132851988077
1739269475047,139.6314704027027
1739269475047,139.6314704027027
1739269474060,139.63950667809695
1739269474060,139.63950667809695
1739269473050,140.02910897508264
1739269473050,140.02910897508264
1739269472056,140.20767907053232
1739269472056,140.20767907053232
1739269471049,140.1361293150112
1739269471049,140.1361293150112
1739269470055,140.280820004642
1739269470055,140.280820004642
1739269469045,140.170509618707
1739269469045,140.170509618707
1739269468045,140.29325467906892
1739269468045,140.29325467906892
1739269467048,140.2781850732863
1739269467048,140.2781850732863
1739269466046,140.64506816584617
1739269466046,140.64506816584617
1739269465050,140.7151917014271
1739269465050,140.7151917014271
1739269464047,140.81277939584106
1739269464047,140.81277939584106
1739269463041,140.5172688253224
1739269463041,140.5172688253224
1739269462037,140.6168501470238
1739269462037,140.6168501470238
1739269461053,141.23959441576153
1739269461053,141.23959441576153
1739269460065,141.03260759171098
1739269460065,141.03260759171098
1739269459049,140.6299560945481
1739269459049,140.6299560945481
1739269458040,140.9494379637763
1739269458040,140.9494379637763
1739269457056,141.0900623491034
1739269457056,141.0900623491034
1739269456049,141.11701786797494
1739269456049,141.11701786797494
1739269455051,141.2187705617398
1739269455051,141.2187705617398
1739269454049,141.5785790141672
1739269454049,141.5785790141672
1739269453047,141.6456416863948
1739269453047,141.6456416863948
1739269452049,141.8821284743026
1739269452049,141.8821284743026
1739269451050,141.75060249492526
1739269451050,141.75060249492526
1739269450047,141.64361814036965
1739269450047,141.64361814036965
1739269449043,141.83642189577222
1739269449043,141.83642189577222
1739269448043,142.04512607771903
1739269448043,142.04512607771903
1739269447050,142.4418776491657
1739269447050,142.4418776491657
1739269446050,142.6842814181
1739269446050,142.6842814181
1739269445052,142.74675661418587
1739269445052,142.74675661418587
1739269444044,143.2387410979718
1739269444044,143.2387410979718
1739269443045,143.11226633377373
1739269443045,143.11226633377373
1739269442040,143.56567190214992
1739269442040,143.56567190214992
1739269441050,143.2554167676717
1739269441050,143.2554167676717
1739269440049,143.86110324319452
1739269440049,143.86110324319452
1739269439044,143.49222158640623
1739269439044,143.49222158640623
1739269438052,143.95640646480024
1739269438052,143.95640646480024
1739269437057,143.61150513775647
1739269437057,143.61150513775647
1739269436059,144.06461044866592
1739269436059,144.06461044866592
1739269435049,143.8006479749456
1739269435049,143.8006479749456
1739269434051,144.75594584550709
1739269434051,144.75594584550709
1739269433053,144.98216906189919
1739269433053,144.98216906189919
1739269432061,145.52258524950594
1739269432061,145.52258524950594
1739269431043,145.5932988943532
1739269431043,145.5932988943532
1739269430058,145.40637333970517
1739269430058,145.40637333970517
1739269429051,144.94354016054422
1739269429051,144.94354016054422
1739269428051,144.29929988179356
1739269428051,144.29929988179356
1739269427042,144.96706032473594
1739269427042,144.96706032473594
1739269426042,145.18508921097964
1739269426042,145.18508921097964
1739269425049,144.99351117573678
1739269425049,144.99351117573678
1739269424048,144.23504305444658
1739269424048,144.23504305444658
1739269423048,144.12123734410852
1739269423048,144.12123734410852
1739269422049,144.18231542687863
1739269422049,144.18231542687863
1739269421050,144.02267352119088
1739269421050,144.02267352119088
1739269420044,144.08442830014974
1739269420044,144.08442830014974
1739269419043,143.69900002423674
1739269419043,143.69900002423674
1739269418048,144.02850387059152
1739269418048,144.02850387059152
1739269417041,143.81525246053934
1739269417041,143.81525246053934
1739269416046,143.66345772519708
1739269416046,143.66345772519708
1739269415053,143.73053648043424
1739269415053,143.73053648043424
1739269414051,143.82241494301707
1739269414051,143.82241494301707
1739269413048,143.90836600307375
1739269413048,143.90836600307375
1739269412045,144.44844328518957
1739269412045,144.44844328518957
1739269411048,143.94541889801621
1739269411048,143.94541889801621
1739269410047,143.80473688803613
1739269410047,143.80473688803613
1739269409047,144.66802371572703
1739269409047,144.66802371572703
1739269408037,144.6025654040277
1739269408037,144.6025654040277
1739269407041,144.381044623442
1739269407041,144.381044623442
1739269406038,144.73411839362234
1739269406038,144.73411839362234
1739269405049,144.6237427322194
1739269405049,144.6237427322194
1739269404042,144.5400728629902
1739269404042,144.5400728629902
1739269403042,144.21538145840168
1739269403042,144.21538145840168
1739269402041,144.1330851642415
1739269402041,144.1330851642415
1739269401039,144.32502385880798
1739269401039,144.32502385880798
1739269400048,143.92377057299018
1739269400048,143.92377057299018
1739269399049,144.52868220862
1739269399049,144.52868220862
1739269398048,144.59575530141592
1739269398048,144.59575530141592
1739269397042,144.85479204822332
1739269397042,144.85479204822332
1739269396058,144.80356511939317
1739269396058,144.80356511939317
1739269395048,145.47183657251298
1739269395048,145.47183657251298
1739269394049,145.92815618310124
1739269394049,145.92815618310124
1739269393051,146.09056123904884
1739269393051,146.09056123904884
1739269392044,146.89601564779878
1739269392044,146.89601564779878
1739269391061,146.90288922563195
1739269391061,146.90288922563195
1739269390044,147.5155152566731
1739269390044,147.5155152566731
1739269389043,146.69407942611724
1739269389043,146.69407942611724
1739269388052,146.7586143091321
1739269388052,146.7586143091321
1739269387050,146.55021040234715
1739269387050,146.55021040234715
1739269386052,146.00259067025036
1739269386052,146.00259067025036
1739269385050,145.5941777229309
1739269385050,145.5941777229309
1739269384045,145.76476585119963
1739269384045,145.76476585119963
1739269383069,144.86282313335687
1739269383069,144.86282313335687
1739269382047,144.2284166123718
1739269382047,144.2284166123718
1739269381048,144.18108957074583
1739269381048,144.18108957074583
1739269380043,144.76331215538085
1739269380043,144.76331215538085
1739269379045,144.65725189074874
1739269379045,144.65725189074874
1739269378046,144.36714874301106
1739269378046,144.36714874301106
1739269377045,144.366776118055
1739269377045,144.366776118055
1739269376044,143.82505893986672
1739269376044,143.82505893986672
1739269375045,143.68159674480557
1739269375045,143.68159674480557
1739269374050,143.55604888685048
1739269374050,143.55604888685048
1739269373041,143.34959426149726
1739269373041,143.34959426149726
1739269372052,143.47090846765786
1739269372052,143.47090846765786
1739269371047,143.38530979212373
1739269371047,143.38530979212373
1739269370061,143.34535964764655
1739269370061,143.34535964764655
1739269369050,143.66693347040564
1739269369050,143.66693347040564
1739269368049,143.4172717789188
1739269368049,143.4172717789188
1739269367052,143.38010031264275
1739269367052,143.38010031264275
1739269366058,143.0952032506466
1739269366058,143.0952032506466
1739269365056,143.88036187551916
1739269365056,143.88036187551916
1739269364053,143.74765514954925
1739269364053,143.74765514954925
1739269363043,143.31902801897377
1739269363043,143.31902801897377
1739269362051,143.53329122252762
1739269362051,143.53329122252762
1739269361049,143.76161757484078
1739269361049,143.76161757484078
1739269360045,143.68855277635157
1739269360045,143.68855277635157
1739269359043,143.9834448704496
1739269359043,143.9834448704496
1739269358042,143.6780663030222
1739269358042,143.6780663030222
1739269357051,143.50785566307604
1739269357051,143.50785566307604
1739269356048,143.36498914752156
1739269356048,143.36498914752156
1739269355055,143.42544302344322
1739269355055,143.42544302344322
1739269354048,143.47983150742948
1739269354048,143.47983150742948
1739269353042,143.63823413290083
1739269353042,143.63823413290083
1739269352055,143.40963207185268
1739269352055,143.40963207185268
1739269351039,144.0552204856649
1739269351039,144.0552204856649
1739269350058,144.26561295986176
1739269350058,144.26561295986176
1739269349039,143.94968184549361
1739269349039,143.94968184549361
1739269348042,143.96092577464879
1739269348042,143.96092577464879
1739269347051,144.2651452133432
1739269347051,144.2651452133432
1739269346051,144.36754866316915
1739269346051,144.36754866316915
1739269345050,144.2886660033837
1739269345050,144.2886660033837
1739269344043,144.49043550528586
1739269344043,144.49043550528586
1739269343045,144.57570591475815
1739269343045,144.57570591475815
1739269342044,144.0769453747198
1739269342044,144.0769453747198
1739269341044,144.4825801756233
1739269341044,144.4825801756233
1739269340048,144.9613808915019
1739269340048,144.9613808915019
1739269339046,145.1350495731458
1739269339046,145.1350495731458
1739269338048,145.27288193628192
1739269338048,145.27288193628192
1739269337046,145.13241576123983
1739269337046,145.13241576123983
1739269336045,145.32209531962872
1739269336045,145.32209531962872
1739269335050,145.48137756623328
1739269335050,145.48137756623328
1739269334047,145.57844727486372
1739269334047,145.57844727486372
1739269333047,146.07053870055825
1739269333047,146.07053870055825
1739269332049,146.1720140753314
1739269332049,146.1720140753314
1739269331048,145.93573586456478
1739269331048,145.93573586456478
1739269330044,146.15944200288504
1739269330044,146.15944200288504
1739269329042,146.38671255949885
1739269329042,146.38671255949885
1739269328052,146.05217496398836
1739269328052,146.05217496398836
1739269327048,145.89311039075255
1739269327048,145.89311039075255
1739269326052,146.3801954323426
1739269326052,146.3801954323426
1739269325067,146.03846779838204
1739269325067,146.03846779838204
1739269324061,146.33017040789127
1739269324061,146.33017040789127
1739269323058,146.3990513216704
1739269323058,146.3990513216704
1739269322067,146.80267786420882
1739269322067,146.80267786420882
1739269321079,146.70300447195768
1739269321079,146.70300447195768
1739269320058,146.41755982115865
1739269320058,146.41755982115865
1739269319061,145.60886183567345
1739269319061,145.60886183567345
1739269318059,146.19514675438404
1739269318059,146.19514675438404
1739269317058,145.8171187415719
1739269317058,145.8171187415719
1739269316060,146.08734069857746
1739269316060,146.08734069857746
1739269315057,145.34975968953222
1739269315057,145.34975968953222
1739269314059,144.75747701339424
1739269314059,144.75747701339424
1739269313051,145.31995729263872
1739269313051,145.31995729263872
1739269312043,145.27260371949524
1739269312043,145.27260371949524
1739269311045,145.03345488291234
1739269311045,145.03345488291234
1739269310050,144.7566514806822
1739269310050,144.7566514806822
1739269309050,144.81669203098863
1739269309050,144.81669203098863
1739269308049,144.48011908028275
1739269308049,144.48011908028275
1739269307052,144.1619903165847
1739269307052,144.1619903165847
1739269306050,144.6242216574028
1739269306050,144.6242216574028
1739269305050,144.8701137099415
1739269305050,144.8701137099415
1739269304048,144.37785820383579
1739269304048,144.37785820383579
1739269303049,144.39737782720476
1739269303049,144.39737782720476
1739269302039,144.61875918973237
1739269302039,144.61875918973237
1739269301050,144.9685263838619
1739269301050,144.9685263838619
1739269300051,145.13393286895007
1739269300051,145.13393286895007
1739269299181,144.99223279207945
1739269299181,144.99223279207945
1739269298636,145.1597399385646
1739269298636,145.1597399385646
1739269297270,144.64814111590385
1739269297270,144.64814111590385
1739269296327,144.64000914432108
1739269296327,144.64000914432108
1739269295060,145.09634649008512
1739269295060,145.09634649008512
1739269294042,144.91722520720214
1739269294042,144.91722520720214
1739269293043,144.85260586626828
1739269293043,144.85260586626828
1739269292053,144.4861950809136
1739269292053,144.4861950809136
1739269291048,144.5960756437853
1739269291048,144.5960756437853
1739269290047,144.92533808667213
1739269290047,144.92533808667213
1739269289046,144.18513158336282
1739269289046,144.18513158336282
1739269288052,143.9074645685032
1739269288052,143.9074645685032
1739269287046,144.35739268548787
1739269287046,144.35739268548787
1739269286052,144.46485477220267
1739269286052,144.46485477220267
1739269285045,144.5377390468493
1739269285045,144.5377390468493
1739269284049,144.2732005417347
1739269284049,144.2732005417347
1739269283069,144.10093428194523
1739269283069,144.10093428194523
1739269282048,144.2796003650874
1739269282048,144.2796003650874
1739269281051,144.52861412707716
1739269281051,144.52861412707716
1739269280050,144.1297940602526
1739269280050,144.1297940602526
1739269279058,143.8158182296902
1739269279058,143.8158182296902
1739269278046,144.22728972882032
1739269278046,144.22728972882032
1739269277049,144.24279548600316
1739269277049,144.24279548600316
1739269276048,143.62595566827804
1739269276048,143.62595566827804
1739269275045,144.15833622217178
1739269275045,144.15833622217178
1739269274041,144.44781087432057
1739269274041,144.44781087432057
1739269273048,144.31881574261934
1739269273048,144.31881574261934
1739269272078,144.03576741553843
1739269272078,144.03576741553843
1739269271047,144.68254786357284
1739269271047,144.68254786357284
1739269270047,144.20424635428935
1739269270047,144.20424635428935
1739269269041,144.24918404314667
1739269269041,144.24918404314667
1739269268051,143.88341080211103
1739269268051,143.88341080211103
1739269267049,143.91958703566343
1739269267049,143.91958703566343
1739269266043,144.33899012301117
1739269266043,144.33899012301117
1739269265049,143.92725754342973
1739269265049,143.92725754342973
1739269264051,143.52641690988094
1739269264051,143.52641690988094
1739269263041,144.07552512641996
1739269263041,144.07552512641996
1739269262043,143.5969330156222
1739269262043,143.5969330156222
1739269261051,143.23399573005736
1739269261051,143.23399573005736
1739269260051,142.8883974859491
1739269260051,142.8883974859491
1739269259041,143.2986062373966
1739269259041,143.2986062373966
1739269258050,142.67875677812845
1739269258050,142.67875677812845
1739269257044,142.79000841546804
1739269257044,142.79000841546804
1739269256035,142.5127448728308
1739269256035,142.5127448728308
1739269255045,142.5138861918822
1739269255045,142.5138861918822
1739269254052,142.5106156365946
1739269254052,142.5106156365946
1739269253042,142.13154219090939
1739269253042,142.13154219090939
1739269252049,142.3402889445424
1739269252049,142.3402889445424
1739269251032,142.3385076513514
1739269251032,142.3385076513514
1739269250056,142.48988645058125
1739269250056,142.48988645058125
1739269249048,142.7365692583844
1739269249048,142.7365692583844
1739269248049,142.31398610770702
1739269248049,142.31398610770702
1739269247041,142.61704963911325
1739269247041,142.61704963911325
1739269246056,142.43056200817227
1739269246056,142.43056200817227
1739269245051,142.18722634389997
1739269245051,142.18722634389997
1739269244037,142.6985206604004
1739269244037,142.6985206604004
1739269243051,142.70027770474553
1739269243051,142.70027770474553
1739269242048,142.22580911312252
1739269242048,142.22580911312252
1739269241052,142.17167781945318
1739269241052,142.17167781945318
1739269240060,141.99379967246205
1739269240060,141.99379967246205
1739269239041,142.1345124160871
1739269239041,142.1345124160871
1739269238049,142.05564635433257
1739269238049,142.05564635433257
1739269237051,141.81408792641014
1739269237051,141.81408792641014
1739269236051,141.90787539444864
1739269236051,141.90787539444864
1739269235044,142.08500398136675
1739269235044,142.08500398136675
1739269234044,142.17454164661467
1739269234044,142.17454164661467
1739269233050,142.00900201685727
1739269233050,142.00900201685727
1739269232043,141.79030644893646
1739269232043,141.79030644893646
1739269231041,141.68562525417656
1739269231041,141.68562525417656
1739269230045,141.24062874540687
1739269230045,141.24062874540687
1739269229055,141.67676698882133
1739269229055,141.67676698882133
1739269228050,141.937946613878
1739269228050,141.937946613878
1739269227050,141.4776803534478
1739269227050,141.4776803534478
1739269226052,141.31615161895752
1739269226052,141.31615161895752
1739269225051,141.62618828564882
1739269225051,141.62618828564882
1739269224046,141.93131129723042
1739269224046,141.93131129723042
1739269223046,141.62331831268966
1739269223046,141.62331831268966
1739269222052,141.51166933961213
1739269222052,141.51166933961213
1739269221050,141.74141873512417
1739269221050,141.74141873512417
1739269220044,141.89813319407403
1739269220044,141.89813319407403
1739269219047,141.77853093855083
1739269219047,141.77853093855083
1739269218045,141.94516796059906
1739269218045,141.94516796059906
1739269217046,142.5207362137735
1739269217046,142.5207362137735
1739269216048,142.67148547340184
1739269216048,142.67148547340184
1739269215052,143.06944847945124
1739269215052,143.06944847945124
1739269214051,142.50305026583374
1739269214051,142.50305026583374
1739269213048,142.60562725365162
1739269213048,142.60562725365162
1739269212045,142.45435450598598
1739269212045,142.45435450598598
1739269211047,142.34001769311726
1739269211047,142.34001769311726
1739269210052,142.16983832791448
1739269210052,142.16983832791448
1739269209051,142.17928361799568
1739269209051,142.17928361799568
1739269208051,142.6883105840534
1739269208051,142.6883105840534
1739269207048,142.39149351418018
1739269207048,142.39149351418018
1739269206047,141.97038864903152
1739269206047,141.97038864903152
1739269205051,142.66240382753313
1739269205051,142.66240382753313
1739269204050,141.94822470284998
1739269204050,141.94822470284998
1739269203050,142.35053237807006
1739269203050,142.35053237807006
1739269202042,142.33491864893585
1739269202042,142.33491864893585
1739269201044,142.7417524922639
1739269201044,142.7417524922639
1739269200051,142.4534498155117
1739269200051,142.4534498155117
1739269199048,141.8453979883343
1739269199048,141.8453979883343
1739269198038,142.00857454072684
1739269198038,142.00857454072684
1739269197069,142.20313871093094
1739269197069,142.20313871093094
1739269196050,142.76708446536213
1739269196050,142.76708446536213
1739269195035,142.96883563138545
1739269195035,142.96883563138545
1739269194049,142.7272110953927
1739269194049,142.7272110953927
1739269193044,143.75069821625948
1739269193044,143.75069821625948
1739269192043,143.32101066038013
1739269192043,143.32101066038013
1739269191044,143.4259768538177
1739269191044,143.4259768538177
1739269190038,144.00613403785974
1739269190038,144.00613403785974
1739269189040,144.09172885492444
1739269189040,144.09172885492444
1739269188046,144.61799935251474
1739269188046,144.61799935251474
1739269187043,144.63811535574496
1739269187043,144.63811535574496
1739269186042,144.61790071241558
1739269186042,144.61790071241558
1739269185045,144.72750927321613
1739269185045,144.72750927321613
1739269184043,144.73620102740824
1739269184043,144.73620102740824
1739269183096,144.5125886425376
1739269183096,144.5125886425376
1739269182047,144.3084420999512
1739269182047,144.3084420999512
1739269181047,144.45887134131044
1739269181047,144.45887134131044
1739269180047,144.9263485809788
1739269180047,144.9263485809788
1739269179044,144.6201485991478
1739269179044,144.6201485991478
1739269178048,144.2392487982288
1739269178048,144.2392487982288
1739269177048,144.06918775010854
1739269177048,144.06918775010854
1739269176048,143.85608971584588
1739269176048,143.85608971584588
1739269175049,143.65893390681595
1739269175049,143.65893390681595
1739269174048,143.51580047328025
1739269174048,143.51580047328025
1739269173043,142.89182287827134
1739269173043,142.89182287827134
1739269172048,142.71311923954636
1739269172048,142.71311923954636
1739269171053,142.77711541578174
1739269171053,142.77711541578174
1739269170044,142.5860985768959
1739269170044,142.5860985768959
1739269169045,142.9634459177032
1739269169045,142.9634459177032
1739269168052,143.04609287716448
1739269168052,143.04609287716448
1739269167047,142.7775135654956
1739269167047,142.7775135654956
1739269166044,142.72777441050857
1739269166044,142.72777441050857
1739269165044,142.3303275210783
1739269165044,142.3303275210783
1739269164036,142.42602834664285
1739269164036,142.42602834664285
1739269163056,142.7542921481654
1739269163056,142.7542921481654
1739269162046,143.47967549785972
1739269162046,143.47967549785972
1739269161071,143.34712326340377
1739269161071,143.34712326340377
1739269160064,143.0155278844759
1739269160064,143.0155278844759
1739269159047,142.8570511508733
1739269159047,142.8570511508733
1739269158046,143.04489905387163
1739269158046,143.04489905387163
1739269157040,142.7985920170322
1739269157040,142.7985920170322
1739269156047,142.1505118077621
1739269156047,142.1505118077621
1739269155040,141.65673271287233
1739269155040,141.65673271287233
1739269154049,142.20956297405064
1739269154049,142.20956297405064
1739269153047,141.8846490206197
1739269153047,141.8846490206197
1739269152044,140.98689694702625
1739269152044,140.98689694702625
1739269151040,141.43307659681886
1739269151040,141.43307659681886
1739269150054,141.4367781598121
1739269150054,141.4367781598121
1739269149038,140.72279503010213
1739269149038,140.72279503010213
1739269148051,140.58962950389832
1739269148051,140.58962950389832
1739269147040,140.6624960359186
1739269147040,140.6624960359186
1739269146051,139.85689793340862
1739269146051,139.85689793340862
1739269145054,140.3519983254373
1739269145054,140.3519983254373
1739269144049,140.65084458328784
1739269144049,140.65084458328784
1739269143054,140.34838685858995
1739269143054,140.34838685858995
1739269142049,140.66673499159515
1739269142049,140.66673499159515
1739269141050,140.41129950806499
1739269141050,140.41129950806499
1739269140053,140.86447964981198
1739269140053,140.86447964981198
1739269139052,140.3785350304097
1739269139052,140.3785350304097
1739269138043,140.05237653665245
1739269138043,140.05237653665245
1739269137045,139.9341864893213
1739269137045,139.9341864893213
1739269136045,139.86003693658859
1739269136045,139.86003693658859
1739269135054,139.90988286212087
1739269135054,139.90988286212087
1739269134052,140.20668318402022
1739269134052,140.20668318402022
1739269133052,140.26905000768602
1739269133052,140.26905000768602
1739269132053,140.20692532137036
1739269132053,140.20692532137036
1739269131052,140.3370635844767
1739269131052,140.3370635844767
1739269130052,139.9048031810671
1739269130052,139.9048031810671
1739269129045,140.1775478180498
1739269129045,140.1775478180498
1739269128045,141.577617357485
1739269128045,141.577617357485
1739269127031,142.863811083138
1739269127031,142.863811083138
1739269126053,143.5506766429171
1739269125051,143.76364539191127
1739269124052,143.96125630103052
1739269123040,144.30065388325602
1739269122049,144.09190159570426
1739269121046,143.95087515562773
1739269120047,143.92238667234778
1739269119037,144.0667107431218
1739269118043,144.01563705969602
1739269117044,144.0437906337902
1739269116027,143.754118562676
1739269115037,143.69133186992258
1739269114044,143.65666990354657
1739269113040,143.1244909670204
1739269112032,143.46047061588615
1739269111036,142.90518224425614
1739269110051,143.44146007485688
1739269109045,143.2297466043383
1739269108034,144.28888103738427
1739269107056,144.32972867693752
1739269106045,144.51452140975744
1739269105053,144.17461733147502
1739269104044,144.48567028343678
1739269103046,144.47292063198984
1739269102047,144.41437900718302
1739269101041,144.6880314629525
1739269100044,144.88674645870924
1739269099050,145.21402042452246
1739269098040,145.2454197704792
1739269097039,144.89879999123514
1739269096041,144.78006885014474
1739269095048,145.4875208493322
1739269094052,145.45643286127597
1739269093046,145.92297497484833
1739269092045,145.56015204358846
1739269091041,145.75585127156228
1739269090040,145.45559847541153
1739269089036,145.223197854124
1739269088044,144.76691294275224
1739269087037,144.60182792227715
1739269086051,144.71745196916163
1739269085048,144.3199859932065
1739269084034,144.35454549454153
1739269083065,143.8623661082238
1739269082038,144.11706069484353
1739269081045,143.86823690775782
1739269080049,143.5460844086483
1739269079066,143.49298491422087
1739269078052,143.34291573241353
1739269077047,143.4995330311358
1739269076044,142.5234161093831
1739269075050,141.97076968476176
1739269074035,142.2971769804135
1739269073044,142.13403684739023
1739269072057,142.3631885787472
1739269071043,142.61965156532824
1739269070044,142.7178520616144
1739269069044,142.88968288898468
1739269068035,142.76869301777333
1739269067035,142.5419709123671
1739269066039,142.30347797460854
1739269065048,142.65920489653945
1739269064041,142.50449555087835
1739269063042,142.5244774473831
1739269062052,142.611703873612
1739269061045,142.92891711834818
1739269060035,142.57099658064544
1739269059037,142.75735796429217
1739269058034,142.56248038914055
1739269057037,142.73437722027302
1739269056044,143.1167189059779
1739269055050,142.84053759183735
1739269054046,142.76483351085335
1739269053050,142.62488734070212
1739269052045,142.39836886432022
1739269051040,142.29190745390952
1739269050049,142.32613226398826
1739269049038,142.81115152593702
1739269048042,142.91778357792646
1739269047045,143.01454737130553
1739269046037,144.30959169846028
1739269045037,144.35477831959724
1739269044047,144.19104211963713
1739269043041,144.29510120488703
1739269042040,144.1987781636417
1739269041042,144.19583732355386
1739269040044,144.27300398703665
1739269039039,143.69233090337366
1739269038037,143.2874379772693
1739269037036,143.2172401547432
1739269036043,143.04228956066072
1739269035057,143.10546145308763
1739269034040,143.15885455533862
1739269033044,143.3548235706985
1739269032041,142.91749944910407
1739269031036,142.90106388367712
1739269030031,143.01752109080553
1739269029037,143.18052924703807
1739269028047,143.2815203582868
1739269027035,142.98929734062403
1739269026054,142.71743926685303
1739269025030,142.57736392877996
1739269024033,142.7411242928356
1739269023093,142.90432152431458
1739269022043,143.15789281204343
1739269021055,143.14795709773898
1739269020053,143.82181720994413
1739269019055,142.8950920701027
1739269018058,142.51370234414935
1739269017048,143.3609451483935
1739269016056,142.42448501754552
1739269015058,142.6205025073141
1739269014058,142.81212931405753
1739269013057,142.96333019342273
1739269012056,143.2948019336909
1739269011057,142.33185075689107
1739269010059,141.72529262956232
1739269009057,141.388846504502
1739269008051,140.84234313387424
1739269007059,140.82107609603554
1739269006050,140.35329534951597
1739269005042,140.2642292669043
1739269004049,139.96241052262485
1739269003048,139.7324366942048
1739269002044,140.4429777218029
1739269001049,139.68898412957788
1739269000048,139.89645237196237
1739268999047,140.61726677790284
1739268998057,140.05477163475007
1739268997050,140.5688562905416
1739268996061,139.86210788413882
1739268995061,139.24025765061378
1739268994056,139.6529892142862
1739268993057,139.91679785121232
1739268992053,139.75416204705834
1739268991055,140.27429433073848
1739268990041,139.91519124619663
1739268989054,139.41465448588133
1739268988049,139.5764665203169
1739268987037,139.82346112467349
1739268986050,140.06410749722272
1739268985045,140.80437963549048
1739268984048,140.7243189373985
1739268983071,140.42664428800344
1739268982048,140.82786410395056
1739268981048,140.9267301214859
1739268980051,141.10906783957034
1739268979050,142.00792246032506
1739268978047,142.64834736008197
1739268977041,142.3435431085527
1739268976050,142.03383393213153
1739268975049,142.4474227493629
1739268974050,142.50099832564592
1739268973038,142.45376425422728
1739268972047,142.95590690057725
1739268971065,142.87145483959466
1739268970050,142.88199614733458
1739268969044,142.76557451393455
1739268968043,143.10322583653033
1739268967038,142.78899926040322
1739268966046,141.7764838365838
1739268965058,141.2111921235919
1739268964051,141.8203618908301
1739268963070,141.73839088901877
1739268962048,141.98063707910478
1739268961045,141.22253832872957
1739268960047,140.93658077251166
1739268959049,141.05961153563112
1739268958047,141.35231522191316
1739268957048,142.17068790271878
1739268956049,142.4069596035406
1739268955047,142.2139251548797
1739268954045,141.78857518546283
1739268953039,141.4446035148576
1739268952049,141.58619478996843
1739268951049,141.36573001928627
1739268950039,141.27374978270382
1739268949039,141.55594226159155
1739268948048,141.30844109039754
1739268947048,141.3303428813815
1739268946055,142.38747380580753
1739268945057,142.42646209988743
1739268944052,142.4052519518882
1739268943065,141.5064640371129
1739268942056,140.7284286087379
1739268941060,140.90214599203318
1739268940055,140.98958478216082
1739268939052,140.83536249492317
1739268938048,140.8195402259007
1739268937053,140.96227830648422
1739268936047,140.68845230247825
1739268935049,139.74410328827798
1739268934050,140.60352742671967
1739268933044,140.6647991426289
1739268932046,140.02163212373853
1739268931055,140.1864085784182
1739268930056,139.9959494676441
1739268929054,139.7569922171533
1739268928057,140.55016547534615
1739268927049,139.53181905206293
1739268926045,139.55979013629258
1739268925048,139.13629455585033
1739268924047,139.04461184423417
1739268923048,138.79596778564155
1739268922050,138.817224371247
1739268921046,138.75617651827633
1739268920050,139.29315978474915
1739268919045,139.21841810178012
1739268918039,139.20216002780944
1739268917055,139.27516983356327
1739268916053,139.21082230098546
1739268915047,139.59521834738553
1739268914048,139.58427215367556
1739268913041,139.01929885987192
1739268912043,139.55187190975994
1739268911049,138.48563059791923
1739268910045,137.5483712516725
1739268909042,138.28744000568986
1739268908049,138.4693328840658
1739268907048,138.72643859218806
1739268906048,138.4102438353002
1739268905047,138.91512810532004
1739268904047,138.69733304716647
1739268903049,138.27292304299772
1739268902041,138.19084490649402
1739268901050,138.30419857800007
1739268900047,138.35115948691964
1739268899048,138.24363439250737
1739268898050,138.7047607442364
1739268897038,139.11182691156864
1739268896038,138.51888531632721
1739268895046,137.83617415931076
1739268894047,138.4767894409597
1739268893045,137.58899157028645
1739268892046,138.25237085204571
1739268891040,138.39933528844267
1739268890042,138.60260242130607
1739268889065,138.06284282822162
1739268888074,137.56130118761212
1739268887050,138.34024764969945
1739268886046,138.13822634983808
1739268885053,137.87657454237342
1739268884047,137.979863807559
1739268883070,138.49160685390234
1739268882048,138.51327122561634
1739268881049,138.12303776293993
1739268880051,138.30973658990115
1739268879041,137.89969592355192
1739268878041,138.06228982191533
1739268877041,138.14377195294946
1739268876048,137.66593905817717
1739268875050,137.11117432825267
1739268874046,137.2854974642396
1739268873058,137.45616716332734
1739268872046,137.62065993063152
1739268871049,138.17332828510553
1739268870043,138.00453373417258
1739268869038,138.0466273482889
1739268868056,138.46570024918765
1739268867046,138.06588377803564
1739268866046,138.0795102454722
1739268865045,138.3259333577007
1739268864058,137.69606150127947
1739268863053,138.02785270940512
1739268862062,137.79087240993977
1739268861065,137.631128648296
1739268860050,137.61798183713108
1739268859044,137.91541151423007
1739268858049,138.84191259089857
1739268857047,137.57979570142925
1739268856042,137.04300201684237
1739268855041,137.57954659033567
1739268854041,137.6191904982552
1739268853041,138.06587571185082
1739268852038,137.64316054992378
1739268851046,137.93607378099114
1739268850038,137.8567625246942
1739268849038,138.23956446908414
1739268848054,138.60535334143788
1739268847049,138.5096482783556
1739268846045,137.52504982054234
1739268845048,137.28564120922238
1739268844045,136.99052320513874
1739268843045,136.78385833650827
1739268842045,136.7766638621688
1739268841045,136.55656538158655
1739268840047,136.25174692925066
1739268839038,136.46460371743888
1739268838043,135.95777283795178
1739268837047,135.44506703224033
1739268836047,135.38450661674142
1739268835043,135.01152212917805
1739268834049,135.15222792420536
1739268833046,135.2552346829325
1739268832047,135.0731086693704
1739268831046,134.61520711053163
1739268830049,135.07789867836982
1739268829047,135.49664987809956
1739268828045,134.89801193680614
1739268827046,133.76578623056412
1739268826049,133.63979643769562
1739268825042,133.25974774733186
1739268824049,132.6410767165944
1739268823040,133.114461729303
1739268822046,132.55364919826388
1739268821046,132.70122889522463
1739268820045,133.20220616366714
1739268819041,132.01537396758795
1739268818048,131.36215390637517
1739268817042,130.8427550205961
1739268816050,131.2319341264665
1739268815046,131.35638617165387
1739268814048,131.35814800020307
1739268813046,131.56534892786294
1739268812047,131.66540442872792
1739268811039,132.5415248973295
1739268810038,130.75321979168802
1739268809042,131.48551167547703
1739268808050,130.97073092125356
1739268807044,131.3161630164832
1739268806056,131.35824285820127
1739268805032,131.13291816227138
1739268804035,131.2966470848769
1739268803039,131.5933108376339
1739268802045,131.7349338810891
1739268801041,131.7777001047507
1739268800046,132.20116567518562
1739268799038,132.66597908735275
1739268798041,132.88655592594296
1739268797036,132.60308659635484
1739268796037,133.1264580320567
1739268795031,133.00386853702366
1739268794031,133.77200046740472
1739268793043,133.3249128162861
1739268792040,133.51519313361496
1739268791057,133.41852790489793
1739268790049,132.46665676310658
1739268789045,132.72330485191196
1739268788050,132.77690971270204
1739268787048,134.26744572725147
1739268786039,133.42387008760124
1739268785055,133.563497425057
1739268784059,132.98426513653249
1739268783072,132.8265158003196
1739268782040,133.2036711955443
1739268781054,133.6147301727906
1739268780063,134.17463326174766
1739268779047,134.24568006768823
1739268778070,134.28888149745762
1739268777031,133.37524595391005
1739268776047,133.06228753179312
1739268775046,132.6361339474097
1739268774043,132.4699292127043
1739268773051,133.05426027718931
1739268772049,133.08991891890764
1739268771046,133.38096248731017
1739268770048,132.4719936484471
1739268769038,133.28721071965992
1739268768047,133.72711409348994
1739268767043,132.57872329745442
1739268766059,132.2649068571627
1739268765054,132.79718898329884
1739268764057,132.66206224821508
1739268763962,133.4887863267213
1739268762054,133.48616889491677
1739268761059,133.38122649863362
1739268760046,133.3250472676009
1739268759046,132.97320691030473
1739268758041,132.9036476192996
1739268757058,133.50760747585446
1739268756053,133.02883506007493
1739268755042,133.63313003163785
1739268754066,134.20699573867023
1739268753057,133.7832722645253
1739268752071,133.75556649826467
1739268751045,134.57412973046303
1739268750046,133.3651856360957
1739268749044,133.17063196469098
1739268748047,133.47729182243347
1739268747047,133.96674666088074
1739268746041,134.28235071897507
1739268745048,134.59223325178027
1739268744047,134.30461940914392
1739268743035,134.09365383069962
1739268742052,134.19172632601112
1739268741048,134.70759924314916
1739268740051,134.8990934183821
1739268739043,134.5186433736235
1739268738041,134.59449508972466
1739268737044,134.13161962293088
1739268736040,134.51226204261184
1739268735045,133.7016235422343
1739268734040,133.80090828239918
1739268733049,134.49016425199807
1739268732036,134.7823525229469
1739268731058,134.40380397159606
1739268730042,134.01930528320372
1739268729038,133.32050428260118
1739268728042,133.3393059084192
1739268727046,133.51562601793557
1739268726065,133.4839688790962
1739268725083,133.5714580444619
1739268724064,132.3829098623246
1739268723075,132.03640518710017
1739268722059,132.4772220235318
1739268721078,132.8374821599573
1739268720056,132.99164262320846
1739268719057,133.28211758751422
1739268718049,133.56271369103342
1739268717057,133.2750404169783
1739268716058,132.86444560438395
1739268715057,133.99276932608336
1739268714053,134.06899906508625
1739268713045,134.10327608697116
1739268712046,133.60148464143276
1739268711045,133.59240545332432
1739268710048,133.7796311751008
1739268709048,133.9832294313237
1739268708049,133.72911399789155
1739268707048,133.72144840378314
1739268706049,132.72198728099465
1739268705047,132.72176149953157
1739268704044,132.3930279025808
1739268703043,132.79805622342974
1739268702041,132.78836020920426
1739268701045,133.4073053151369
1739268700048,132.733823383227
1739268699042,132.97141907084733
1739268698041,133.65282348822802
1739268697042,133.00089311692864
1739268696054,132.42258489970118
1739268695049,131.87871732842177
1739268694043,130.8976511033252
1739268693042,131.62023184727877
1739268692049,131.27385841868818
1739268691049,130.74650676641613
1739268690048,130.13559461571276
1739268689048,130.18010911066085
1739268688046,130.2027692180127
1739268687050,130.49244903121144
1739268686046,130.45059344079345
1739268685048,129.98035655077547
1739268684049,130.72440186794847
1739268683071,130.58452911954373
1739268682044,130.66676588263363
1739268681055,130.9516515629366
1739268680043,131.21348203253
1739268679044,130.4783326741308
1739268678035,130.51413840148598
1739268677042,130.2451392924413
1739268676035,130.9622997585684
1739268675040,130.8931259876117
1739268674038,131.56501129176468
1739268673038,131.66681587696075
1739268672044,131.3975734245032
1739268671048,131.2050605053082
1739268670051,130.4802276045084
1739268669043,130.7137086065486
1739268668046,130.1130086723715
1739268667039,129.46545930299908
1739268666053,129.12924867123365
1739268665042,128.7538053812459
1739268664048,128.96649225242436
1739268663058,129.5728071667254
1739268662043,128.99520711414516
1739268661041,127.00675998162478
1739268660047,127.43290762137622
1739268659046,127.85561067517847
1739268658039,127.49055082630366
1739268657047,126.8421457130462
1739268656042,126.34434206038713
1739268655046,126.81946297641844
1739268654050,127.31617253273726
1739268653042,127.46650086343288
1739268652046,126.9310762733221
1739268651051,126.88804096821696
1739268650049,126.77941885218024
1739268649047,126.25652268715203
1739268648040,125.73218777310103
1739268647043,125.50335926376283
1739268646041,124.90632851049304
1739268645060,125.39455746021122
1739268644069,125.79552115034312
1739268643062,125.09991084877402
1739268642045,123.1167546119541
1739268641050,122.55616032704711
1739268640044,123.31964105460793
1739268639039,123.38444263674319
1739268638046,123.65533227100968
1739268637047,124.18549198936671
1739268636047,124.44843439012766
1739268635046,125.18574662227184
1739268634048,125.21653687674552
1739268633051,125.26704916544259
1739268632048,125.76112947240472
1739268631045,126.22049784474075
1739268630043,125.86191466357559
1739268629031,125.53711442556232
1739268628050,125.4177699945867
1739268627045,125.84686837904155
1739268626050,125.86473266407847
1739268625040,124.70542954746634
1739268624051,124.41513414401561
1739268623044,124.50523161515594
1739268622042,124.69574844278395
1739268621050,124.50105979759246
1739268620053,124.37693605013192
1739268619037,124.59997901786119
1739268618046,124.37770922575146
1739268617045,124.54413833748549
1739268616065,123.7024776879698
1739268615060,124.16141111589968
1739268614043,123.54762299824506
1739268613043,123.83658408652991
1739268612044,123.04344020411372
1739268611050,123.0006200382486
1739268610048,122.69023022428155
1739268609039,123.25243176240474
1739268608050,123.86248446069658
1739268607048,122.40599848236889
1739268606047,121.78197750728577
1739268605048,122.88157700467855
1739268604050,122.78893268015236
1739268603049,122.49133720435202
1739268602040,121.81950675044209
1739268601046,122.22717606648803
1739268600040,122.04441314656287
1739268599044,121.75020949356258
1739268598048,121.68917279783636
1739268597039,121.8749802224338
1739268596049,122.75540510751307
1739268595043,122.42208072170615
1739268594048,122.79345786105841
1739268593043,122.72390768676996
1739268592051,123.53018658142537
1739268591046,122.29211884364486
1739268590052,123.06349963601679
1739268589052,123.36363632231951
1739268588037,123.30918098427355
1739268587036,123.20394084509462
1739268586069,123.491743770428
1739268585055,122.16620496287942
1739268584049,122.20280933659524
1739268583074,122.33129083737731
1739268582056,122.28643779363483
1739268581053,122.25393131375313
1739268580057,122.19717097654939
1739268579050,122.28404736798257
1739268578059,122.74980492517352
1739268577057,122.59555693995208
1739268576056,122.42250434868038
1739268575057,121.16878375783563
1739268574037,121.3675252487883
1739268573055,121.81108163669705
1739268572057,122.34997542947531
1739268571044,121.87500270176679
1739268570046,121.85738831199706
1739268569043,122.53546850848943
1739268568031,122.26396240945905
1739268567047,122.57338081300259
1739268566048,122.15318363625556
1739268565044,122.13937292061746
1739268564047,122.20545769203454
1739268563055,122.31429235450923
1739268562066,122.34534109570086
1739268561049,122.03482378553599
1739268560059,122.89417475741357
1739268559068,122.82105847913772
1739268558049,121.49103938043118
1739268557050,121.82866892777383
1739268556047,122.05163267627358
1739268555047,122.65807051584125
1739268554045,122.61492479965091
1739268553049,122.6706501590088
1739268552047,122.19581016618758
1739268551044,121.98893854394555
1739268550049,122.21904960460961
1739268549043,121.54190660454333
1739268548049,121.37937618605793
1739268547047,121.8996589500457
1739268546043,122.91729657910764
1739268545054,122.45761426631361
1739268544051,122.27970855217427
1739268543046,122.39372934028506
1739268542048,122.53863041102886
1739268541052,122.47318340651691
1739268540044,121.99403280951083
1739268539046,122.73341883718967
1739268538039,122.48871071450412
1739268537038,122.7647724878043
1739268536058,122.864876720123
1739268535052,122.63433199096471
1739268534053,122.50308538787067
1739268533054,122.59597604628652
1739268532064,122.61395355965942
1739268531058,122.7475037323311
1739268530062,122.03203445579857
1739268529059,122.4265365684405
1739268528056,123.50030921865255
1739268527055,122.82087869103998
1739268526060,121.89632174372673
1739268525057,121.55282743275166
1739268524055,121.52020114567131
1739268523057,122.0807925965637
1739268522058,121.75444037094712
1739268521057,121.1573606422171
1739268520047,121.12093739490956
1739268519051,121.08837834000587
1739268518056,121.31161810830235
1739268517054,121.80194783490151
1739268516057,121.13413286954165
1739268515056,121.26865065284073
1739268514059,122.2268284810707
1739268513055,121.65984272956848
1739268512047,120.75826400890946
1739268511055,120.8646335247904
1739268510045,121.70806021802127
1739268509052,121.65325441211462
1739268508052,121.54196200240403
1739268507048,122.06490264832973
1739268506047,122.00717902556062
1739268505056,122.09803508967161
1739268504041,122.91258345171809
1739268503051,122.84500450827181
1739268502042,122.86573263350874
1739268501048,123.10749474260956
1739268500048,123.99640381708741
1739268499047,123.1589979333803
1739268498051,122.41138575505465
1739268497045,122.82454148028046
1739268496050,122.96170079242438
1739268495050,122.75562016200274
1739268494057,123.26127378363162
1739268493042,123.19831119291484
1739268492037,122.43390463106334
1739268491055,122.83389036450535
1739268490053,122.45951813645661
1739268489050,122.55836360994726
1739268488050,122.87471561320126
1739268487047,123.00523111131042
1739268486042,123.37888893019408
1739268485047,123.3438147958368
1739268484048,124.17288623377681
1739268483074,124.3430055975914
1739268482049,123.32664234098047
1739268481045,122.8890107916668
1739268480047,123.30507806874812
1739268479046,123.20623606909066
1739268478042,122.9356350582093
1739268477064,123.65993248205632
1739268476057,123.33357392344624
1739268475060,123.16003205813468
1739268474059,123.76269675977528
1739268473059,124.05752957519144
1739268472057,125.10057813581079
1739268471058,125.34712447226048
1739268470057,125.10992163512856
1739268469057,124.41128719691187
1739268468058,126.02940009068698
1739268467052,125.884954595007
1739268466058,125.48792114108801
1739268465058,124.69156116433442
1739268464057,124.3350294874981
1739268463070,124.43714153580368
1739268462053,124.72120435535908
1739268461060,125.09601350314915
1739268460058,125.02409328147769
1739268459049,124.42705513350666
1739268458062,124.78902349155396
1739268457048,124.8356159972027
1739268456047,123.65949564054608
1739268455046,123.11161789484322
1739268454049,123.32896002288908
1739268453046,124.1414197506383
1739268452056,123.73459115903825
1739268451050,123.81971817091107
1739268450051,123.6598494797945
1739268449045,123.69201523810625
1739268448048,123.47763788700104
1739268447049,124.00886083208025
1739268446047,123.90346235502511
1739268445049,123.5284229805693
1739268444052,123.08122636191547
1739268443049,123.77827177383006
1739268442049,123.90913819335401
1739268441046,123.9216570397839
1739268440051,124.28525646124035
1739268439043,124.96149691194296
1739268438048,125.13388229627162
1739268437050,125.85094488877803
1739268436048,125.90851446893066
1739268435049,125.26858125533909
1739268434049,125.68458750564605
1739268433049,125.66969844233245
1739268432043,125.60871012788266
1739268431036,125.45652598515153
1739268430057,125.66668476257473
1739268429049,126.09958235733211
1739268428061,125.43778809998184
1739268427061,125.24467387422919
1739268426058,125.4002768760547
1739268425057,125.9405093966052
1739268424068,126.55713789351285
1739268423062,126.16072903387249
1739268422060,126.09305692557245
1739268421049,125.58964155521244
1739268420051,125.90211445000023
1739268419035,125.82594585884362
1739268418047,125.6001549558714
1739268417048,125.82629915326834
1739268416041,125.89478774368763
1739268415047,125.9536868352443
1739268414064,125.42622981406748
1739268413048,125.34004857670516
1739268412042,125.62132858950645
1739268411042,125.62578967399895
1739268410050,125.16835036035627
1739268409044,125.41739235632122
1739268408039,125.10375963151455
1739268407038,125.12214304041117
1739268406056,124.97148279473186
1739268405056,125.52865729760379
1739268404058,125.59400912281126
1739268403057,125.5885766102001
1739268402045,125.51813045982271
1739268401057,125.4935249267146
1739268400056,126.27277071028948
1739268399047,125.94062488619238
1739268398045,125.90793733950704
1739268397059,125.9631316466257
1739268396075,126.34384846221656
1739268395072,126.1498623425141
1739268394072,126.24718970712274
1739268393075,126.96901162806898
1739268392058,126.82468203362077
1739268391055,127.17192754149437
1739268390058,127.17438039928675
1739268389056,126.93875229731202
1739268388047,126.66184766218066
1739268387048,126.82542949635535
1739268386049,127.10287769883871
1739268385039,127.57379915099591
1739268384048,127.86607364099473
1739268383075,127.24579749722034
1739268382050,127.04130711499602
1739268381052,127.07514898199588
1739268380049,127.34887415636331
1739268379050,127.43987560644746
1739268378046,127.21482310723513
1739268377043,126.92152876686305
1739268376051,126.86238174978644
1739268375048,126.17869360558689
1739268374049,126.9991151643917
1739268373046,126.5887810010463
1739268372043,126.6946627991274
1739268371048,126.27752836607397
1739268370047,125.87826902233064
1739268369060,126.3100452106446
1739268368071,125.81089315097779
1739268367048,125.6737695671618
1739268366040,125.17151021771133
1739268365050,124.48834399227053
1739268364050,124.34295255318284
1739268363049,124.16262087970972
1739268362049,124.06656995043159
1739268361048,124.09275302756578
1739268360043,123.39813992008567
1739268359051,123.20095246098936
1739268358052,122.4726386545226
1739268357047,122.31063715741038
1739268356050,122.35534406732768
1739268355046,121.82571423333138
1739268354051,121.65370532311499
1739268353053,121.41463605035096
1739268352047,121.20418814010918
1739268351051,123.1547256456688
1739268350043,124.14337232615799
1739268349050,124.27867670729756
1739268348041,124.31927769910544
1739268347034,124.4666742188856
1739268346035,124.38079668115824
1739268345043,124.69995138514787
1739268344057,124.55761939845979
1739268343046,124.5829905141145
1739268342045,124.76508069783449
1739268341043,124.49576549604535
1739268340046,124.63208032306284
1739268339041,124.81579609680921
1739268338040,124.72053989209235
1739268337035,124.95610356330872
1739268336036,125.07898123189807
1739268335041,124.8956501185894
1739268334041,124.50327799282968
1739268333032,124.30279487743974
1739268332038,123.13853377383202
1739268331041,122.28363475203514
1739268330046,121.52358630951494
1739268329042,120.98070988431573
1739268328042,120.5095253167674
1739268327041,120.54821336548775
1739268326043,119.97525043971837
1739268325042,119.31638032384217
1739268324041,119.06564053799957
1739268323042,118.36689528543502
1739268322049,118.23023447114974
1739268321041,116.76668814662844
1739268320039,116.99402083735913
1739268319040,117.425088647753
1739268318040,117.85868444107473
1739268317042,118.21879325155169
1739268316040,117.6261193761602
1739268315047,117.45155584812164
1739268314047,117.54405368119478
1739268313049,117.46273252740502
1739268312122,117.10316539928317
1739268311043,116.59762069862336
1739268310043,116.85568833164871
1739268309034,116.78134778514504
1739268308044,116.77260684035718
1739268307046,116.63766482658684
1739268306042,116.21615869365633
1739268305042,115.96719526685774
1739268304045,115.95419225189835
1739268303042,115.76705799810588
1739268302044,115.71961421798915
1739268301042,115.66058966051787
1739268300042,115.98006804101169
1739268299044,115.32734727393836
1739268298039,115.57633426226676
1739268297043,114.80626721028239
1739268296040,114.49847321398556
1739268295051,114.64264587219805
1739268294041,114.75710747390985
1739268293045,114.54134551994503
1739268292048,114.48098151478916
1739268291041,114.6287878556177
1739268290049,114.5471191573888
1739268289044,114.70660893712193
1739268288048,115.06595395319164
1739268287062,115.27485124301165
1739268286045,115.30448542442173
1739268285062,115.42757936939597
1739268284065,115.48605178017169
1739268283098,115.1500757811591
1739268282042,115.45041979011148
1739268281043,114.95610832050443
1739268280041,114.75417826510966
1739268279044,114.65993845183402
1739268278043,114.34131098352373
1739268277043,114.46067523490638
1739268276037,114.81947444193065
1739268275042,114.59252507705241
1739268274042,114.35516747739166
1739268273044,114.93750999774784
1739268272042,115.1139740459621
1739268271044,115.07312000915408
1739268270044,115.03684329427779
1739268269042,115.15367102064192
1739268268043,115.29117063991725
1739268267042,115.45734805241227
1739268266044,115.50078031606972
1739268265044,115.40970203839242
1739268264046,115.40168234985322
1739268263053,115.39255098160356
1739268262044,115.25916450284421
1739268261042,115.19933057110757
1739268260061,115.66078594326973
1739268259063,116.11609633173794
1739268258045,115.95369652006775
1739268257059,116.16241693031043
1739268256060,116.521535015665
1739268255040,116.5664637517184
1739268254044,116.49469187948853
1739268253047,117.11926473118365
1739268252041,116.84901631064713
1739268251038,116.40934311039746
1739268250042,116.32325620111078
1739268249044,116.61002720985562
1739268248039,116.98880170378834
1739268247038,117.25973898544908
1739268246036,117.24958406202495
1739268245038,117.55064756050706
1739268244041,117.74349719379097
1739268243037,118.53728033602238
1739268242043,118.41657621599734
1739268241041,118.2307952651754
1739268240040,118.04933781735599
1739268239039,118.33315137773752
1739268238041,118.40061355009675
1739268237039,118.17019819747657
1739268236038,117.89977532532066
1739268235043,117.74931656196713
1739268234040,117.97184178698808
1739268233043,118.22250149492174
1739268232039,118.7261209320277
1739268231035,118.73384229559451
1739268230046,118.82002887129784
1739268229048,118.85822190064937
1739268228040,119.23415905609727
1739268227041,119.95529030170292
1739268226042,119.34807538799942
1739268225039,119.48621324170381
1739268224038,118.97742020431906
1739268223046,118.88124676141888
1739268222039,118.9012743094936
1739268221039,118.74720436800271
1739268220040,118.575229187496
1739268219039,117.75995820667595
1739268218042,117.29044500365853
1739268217038,117.08528940100223
1739268216041,117.51357847545296
1739268215038,117.0876280516386
1739268214032,117.44783176854253
1739268213037,118.27742547541857
1739268212040,118.08498633373529
1739268211040,118.82592651806772
1739268210039,118.43622678145766
1739268209039,117.8816803926602
1739268208036,117.84851382672787
1739268207039,117.66186078824103
1739268206038,116.69341200776398
1739268205049,116.15696447901428
1739268204045,115.24470773432404
1739268203045,114.89549781754613
1739268202046,114.41735042072833
1739268201045,114.09640657994896
1739268200039,113.60959742218256
1739268199042,113.77554441802204
1739268198038,112.6923318170011
1739268197040,112.54581310227513
1739268196040,112.26185203436762
1739268195039,112.1968943644315
1739268194037,111.72811884619296
1739268193037,112.15397202502936
1739268192035,111.56884598359466
1739268191034,111.6981304846704
1739268190036,111.53280416410416
1739268189039,111.30210434738547
1739268188037,111.25487162917852
1739268187039,110.92391395755112
1739268186037,110.70985325612128
1739268185038,110.47343263309449
1739268184039,110.14688831847161
1739268183044,109.87302613537759
1739268182038,109.29011360369623
1739268181042,108.8056516572833
1739268180029,108.95623785909265
1739268179036,108.36729050986469
1739268178038,107.94717111159116
1739268177039,108.5787583021447
1739268176038,108.09981205314398
1739268175049,108.25153042562306
1739268174046,107.30190804321319
1739268173037,106.80442560184747
1739268172039,106.87929691001773
1739268171037,106.87663733027875
1739268170038,106.88659943267703
1739268169038,106.65748840384185
1739268168037,106.59889309015125
1739268167040,106.3694430179894
1739268166042,107.03850942850113
1739268165042,107.2124944049865
1739268164038,107.66100052930415
1739268163049,107.96591530647129
1739268162039,108.32111274264753
1739268161042,108.18743105232716
1739268160039,108.31860443204641
1739268159037,108.42237645667046
1739268158037,108.25871303863823
1739268157042,108.36562842037529
1739268156038,108.63233930896968
1739268155032,108.57492642756552
1739268154038,108.8276500897482
1739268153043,108.79381027724594
1739268152037,108.86001748684794
1739268151039,108.94784579053521
1739268150050,109.21967714186758
1739268149058,109.31569236796349
1739268148059,109.71081507299095
1739268147057,109.54765263013542
1739268146047,109.85745021421462
1739268145048,109.91060533281416
1739268144039,109.89234300889075
1739268143039,109.7284900341183
1739268142037,109.75231244787574
1739268141041,109.66391436196864
1739268140039,109.82091102190316
1739268139038,109.70084445923567
1739268138038,109.89363504108042
1739268137041,110.19057890865952
1739268136042,110.11169674992561
1739268135035,110.35202890727669
1739268134042,110.58275370206684
1739268133037,110.67070827633142
1739268132039,110.32172901276499
1739268131041,110.65443626232445
1739268130036,111.10831339657307
1739268129040,111.11407647188753
1739268128039,110.75436786282808
1739268127038,110.55410634353757
1739268126037,110.2366781141609
1739268125039,110.19104270730168
1739268124038,110.31335753109306
1739268123034,110.42536274716258
1739268122033,110.66655433084816
1739268121037,110.52985548134893
1739268120045,109.92301914095879
1739268119045,109.7895666109398
1739268118037,109.79501320142299
1739268117039,109.41634225938469
1739268116038,109.1528440322727
1739268115043,108.76102214865386
1739268114038,108.57403060235083
1739268113043,108.60139265470207
1739268112028,108.52173668704927
1739268111038,108.58188367728144
1739268110040,108.7361084073782
1739268109035,108.97882233653218
1739268108038,109.15681608207524
1739268107032,109.26068028155714
1739268106040,109.65851094853133
1739268105032,109.6614055968821
1739268104039,109.74202293157578
1739268103031,110.25455478113145
1739268102044,109.78929587453604
1739268101029,109.22034713812172
1739268100040,109.46419833693653
1739268099038,109.05384808219969
1739268098041,109.42883466370404
1739268097042,109.22234759572893
1739268096037,109.28113585337996
1739268095037,109.41905201599002
1739268094042,109.46069126389921
1739268093037,109.36841589864343
1739268092051,109.03739328775555
1739268091039,109.27273001056165
1739268090049,109.38539479952306
1739268089036,109.37698259018362
1739268088042,109.33663379959762
1739268087028,108.81394704710692
1739268086039,109.13030237983912
1739268085040,109.20226595178246
1739268084039,109.09010859299451
1739268083042,109.71274744812399
1739268082039,109.30528001487255
1739268081039,109.2598529709503
1739268080040,109.53589898254722
1739268079031,108.95721501111984
1739268078029,108.36660958081484
1739268077041,108.28201712388545
1739268076029,109.02300518937409
1739268075037,108.73911303374916
1739268074033,108.93334037438035
1739268073038,108.22944879997522
1739268072034,108.54801729973406
1739268071055,108.0178689872846
1739268070060,108.40485983341932
1739268069046,108.42256144527346
1739268068035,108.3867176733911
1739268067037,108.26570247672498
1739268066035,108.55443361774087
1739268065033,109.06940904352814
1739268064031,109.37731107603759
1739268063063,110.0137482052669
1739268062039,110.20291959308088
1739268061033,110.32133979536593
1739268060044,110.63324089627713
1739268059057,111.56963251996785
1739268058049,111.0786207029596
1739268057049,110.55153893493116
1739268056047,110.72874116711318
1739268055048,110.71476780250669
1739268054048,110.657181058079
1739268053047,110.70493272785097
1739268052052,110.05145086254925
1739268051048,110.55807180795819
1739268050046,110.23914971668273
1739268049049,110.44357725977898
1739268048042,110.12329742312431
1739268047052,109.61879158671945
1739268046050,109.43139088060707
1739268045048,109.81748858839273
1739268044043,109.29660842847079
1739268043046,109.08980437368155
1739268042051,109.34968176763505
1739268041049,109.63572082296014
1739268040051,109.51476138085127
1739268039040,108.84428743086755
1739268038054,108.88758951146156
1739268037054,109.27460722997785
1739268036041,108.95753831136972
1739268035044,109.03819730691612
1739268034055,109.74575800728053
1739268033048,110.66863821819425
1739268032048,109.93460517097265
1739268031052,109.59374198503792
1739268030049,109.51470921002328
1739268029048,109.9550919663161
1739268028041,110.11396348755807
1739268027051,110.00643438193947
1739268026050,109.9259872911498
1739268025053,110.71466349437833
1739268024041,110.8843556465581
1739268023051,110.52480132225901
1739268022051,110.24278095457703
1739268021042,110.32253560703248
1739268020052,109.58563997969031
1739268019050,109.09423049259931
1739268018043,109.66487082373351
1739268017046,109.76118259318173
1739268016048,109.53590680100024
1739268015050,110.09128111228347
1739268014050,110.45487717632204
1739268013051,111.017756447196
1739268012041,110.58237559814006
1739268011045,109.65417483448982
1739268010048,109.90683028846979
1739268009040,109.66768243722618
1739268008049,109.8410615650937
1739268007055,110.1392633318901
1739268006040,110.30485660769045
1739268005036,110.03716681804508
1739268004037,110.11461347620934
1739268003042,110.18550563696772
1739268002041,110.50946656987071
1739268001033,110.28395133744925
1739268000035,110.40341753512621
1739267999044,110.81831449642777
1739267998041,110.89225027244538
1739267997033,110.9635770553723
1739267996039,111.17765911854804
1739267995040,110.66623236984015
1739267994043,110.83031916618347
1739267993045,110.70232325978577
1739267992036,111.16917661484331
1739267991040,110.8853770205751
1739267990038,111.25444617681205
1739267989061,110.93276447989047
1739267988031,111.01766582299024
1739267987038,112.41530492529273
1739267986043,111.03749988880008
1739267985051,112.20198940951377
1739267984039,112.15003236755729
1739267983190,112.11235738452524
1739267982040,112.17661817464978
1739267981046,111.9899143287912
1739267980051,111.57282734755427
1739267979059,111.75091906730086
1739267978067,111.93680094834417
1739267977053,112.10339370276779
1739267976045,112.36299677658826
1739267975050,111.70077598746866
1739267974049,111.95698594860733
1739267973048,112.1794703360647
1739267972043,112.69534557685256
1739267971059,112.0186298713088
1739267970046,112.41438067983836
1739267969055,112.39305277261883
1739267968055,112.05633333791047
1739267967055,112.2441770946607
1739267966045,112.26734480820596
1739267965038,112.56299507152289
1739267964041,112.91454364359379
1739267963041,113.30603392608464
1739267962046,112.94437596015632
1739267961048,113.13426520023495
1739267960050,113.07924195285887
1739267959047,113.1658698702231
1739267958049,113.61579944007099
1739267957048,114.16822839900851
1739267956040,111.76022482290864
1739267955050,112.18045149184763
1739267954050,112.39098381996155
1739267953048,111.93588362261653
1739267952037,112.36777343787253
1739267951055,112.0814819931984
1739267950065,112.09735768660903
1739267949047,111.8508068639785
1739267948058,112.2705839741975
1739267947055,112.48705984279513
1739267946056,112.42858415096998
1739267945057,112.35836480278522
1739267944055,112.14095698017627
1739267943056,112.797387287952
1739267942058,112.57276927027851
1739267941058,112.3614538339898
1739267940056,112.81414394266903
1739267939054,112.19313416536897
1739267938057,112.62490566726774
1739267937053,112.71766476146877
1739267936055,113.00059905927628
1739267935054,113.03669002652168
1739267934041,113.19791744370013
1739267933046,113.60026021301746
1739267932058,113.57846533227712
1739267931053,113.32051090802997
1739267930058,113.30696958396584
1739267929054,113.7514635110274
1739267928046,114.00713303498924
1739267927056,113.79068169742823
1739267926053,113.51772095263004
1739267925052,113.15361377038062
1739267924058,113.22413201350719
1739267923066,113.0384682584554
1739267922056,113.15860121604055
1739267921073,113.50258442014456
1739267920056,113.37325148098171
1739267919046,113.05288876779377
1739267918053,112.35207578260452
1739267917053,112.4630600688979
1739267916055,112.68626118451357
1739267915054,113.39871012605727
1739267914052,113.24470660556108
1739267913057,113.44030889030546
1739267912059,113.05107852537185
1739267911055,112.75453360844404
1739267910053,112.5518510909751
1739267909044,112.90160510223359
1739267908046,113.23920957744122
1739267907055,113.58631567284465
1739267906060,113.14266395755112
1739267905048,113.03443471249193
1739267904042,112.76929798536003
1739267903047,112.82738222554326
1739267902040,112.90215372014791
1739267901042,113.2148796506226
1739267900048,113.57910583913326
1739267899046,113.96891844738275
1739267898045,114.48066708538681
1739267897041,114.75710105989128
1739267896051,114.3659359132871
1739267895047,113.79805835243315
1739267894039,113.25377028621733
1739267893043,113.32677425816655
1739267892039,113.73355269059539
1739267891037,114.15822467394173
1739267890051,114.48165321350098
1739267889042,114.15652018599212
1739267888047,114.57698503974825
1739267887044,114.73949581757188
1739267886040,114.29573863185942
1739267885042,114.1831328831613
1739267884042,114.04781849496067
1739267883061,114.17929917294532
1739267882048,114.76794303581119
1739267881047,115.23966929223388
1739267880041,115.9657167289406
1739267879041,115.81820595730096
1739267878043,115.82939194515347
1739267877043,115.86206893157214
1739267876049,115.38088334631175
1739267875046,116.13555948249996
1739267874045,116.48343234322965
1739267873046,116.08964032586664
1739267872044,116.2950309002772
1739267871038,116.15374843776226
1739267870043,116.15210758615285
1739267869054,115.88328374363482
1739267868060,115.99938168656081
1739267867042,116.54600233212113
1739267867042,116.54600233212113
1739267866056,116.03886580094695
1739267866056,116.03886580094695
1739267865053,116.27555300388485
1739267865053,116.27555300388485
1739267864057,116.4292316948995
1739267864057,116.4292316948995
1739267863073,117.05575493257493
1739267863073,117.05575493257493
1739267862040,117.18926165625453
1739267862040,117.18926165625453
1739267861055,116.36616128310561
1739267861055,116.36616128310561
1739267860057,116.61498221103102
1739267860057,116.61498221103102
1739267859046,116.54496115352958
1739267859046,116.54496115352958
1739267858052,116.21723757311702
1739267858052,116.21723757311702
1739267857056,116.03480621054769
1739267857056,116.03480621054769
1739267856054,116.3145799851045
1739267856054,116.3145799851045
1739267855054,116.3189330920577
1739267855054,116.3189330920577
1739267854055,116.7945206053555
1739267854055,116.7945206053555
1739267853057,117.19229388982058
1739267853057,117.19229388982058
1739267852052,117.55296638142318
1739267852052,117.55296638142318
1739267851054,118.18586323410273
1739267851054,118.18586323410273
1739267850048,117.7234796108678
1739267850048,117.7234796108678
1739267849058,117.58351556956768
1739267849058,117.58351556956768
1739267848055,117.66718760505319
1739267848055,117.66718760505319
1739267847056,118.53486687969416
1739267847056,118.53486687969416
1739267846042,117.89595263078809
1739267846042,117.89595263078809
1739267845044,118.07073853351176
1739267845044,118.07073853351176
1739267844047,118.03522499930114
1739267844047,118.03522499930114
1739267843039,117.87005086801946
1739267843039,117.87005086801946
1739267842052,117.82594666350633
1739267842052,117.82594666350633
1739267841044,117.22818409558386
1739267841044,117.22818409558386
1739267840044,117.26955296564847
1739267840044,117.26955296564847
1739267839055,117.04654144123197
1739267839055,117.04654144123197
1739267838053,117.16893476713449
1739267838053,117.16893476713449
1739267837040,116.80636246223003
1739267837040,116.80636246223003
1739267836040,116.83293358515948
1739267836040,116.83293358515948
1739267835040,116.10273969732225
1739267835040,116.10273969732225
1739267834040,116.80099183507264
1739267834040,116.80099183507264
1739267833045,117.01237809751183
1739267833045,117.01237809751183
1739267832043,117.30755644943565
1739267832043,117.30755644943565
1739267831040,116.98528136964887
1739267831040,116.98528136964887
1739267830044,116.68709830567241
1739267830044,116.68709830567241
1739267829038,116.5906541524455
1739267829038,116.5906541524455
1739267828038,116.11385985650122
1739267828038,116.11385985650122
1739267827046,116.17320890445262
1739267827046,116.17320890445262
1739267826036,116.10183329321444
1739267826036,116.10183329321444
1739267825044,116.3165816348046
1739267825044,116.3165816348046
1739267824058,116.88106603268534
1739267824058,116.88106603268534
1739267823057,116.30857461690903
1739267823057,116.30857461690903
1739267822058,116.08236041478813
1739267822058,116.08236041478813
1739267821057,115.72894398961216
1739267821057,115.72894398961216
1739267820053,115.61847857292742
1739267820053,115.61847857292742
1739267819056,115.6789598017931
1739267819056,115.6789598017931
1739267818059,115.14627192169428
1739267818059,115.14627192169428
1739267817056,115.97707016859204
1739267817056,115.97707016859204
1739267816054,115.79870945867151
1739267816054,115.79870945867151
1739267815057,116.11010055802763
1739267815057,116.11010055802763
1739267814057,115.85675851162523
1739267814057,115.85675851162523
1739267813058,115.39882500562817
1739267813058,115.39882500562817
1739267812059,114.72058090660721
1739267812059,114.72058090660721
1739267811054,114.271947639063
1739267811054,114.271947639063
1739267810063,114.09482296090573
1739267810063,114.09482296090573
1739267809059,113.75253288540989
1739267809059,113.75253288540989
1739267808057,113.86704885121435
1739267808057,113.86704885121435
1739267807051,112.98323695454746
1739267807051,112.98323695454746
1739267806058,113.11417561303824
1739267806058,113.11417561303824
1739267805056,113.09747745189816
1739267805056,113.09747745189816
1739267804058,113.60617069620639
1739267804058,113.60617069620639
1739267803055,113.77533937897533
1739267803055,113.77533937897533
1739267802063,113.4964341390878
1739267802063,113.4964341390878
1739267801058,113.70844847895205
1739267801058,113.70844847895205
1739267800057,113.8076082104817
1739267800057,113.8076082104817
1739267799050,113.92207273468375
1739267799050,113.92207273468375
1739267798042,113.776754880324
1739267798042,113.776754880324
1739267797067,114.30095908232033
1739267797067,114.30095908232033
1739267796047,114.65979557018727
1739267796047,114.65979557018727
1739267795058,113.44216777198017
1739267795058,113.44216777198017
1739267794051,113.1822939151898
1739267794051,113.1822939151898
1739267793057,114.40342499874532
1739267793057,114.40342499874532
1739267792056,114.64836733974516
1739267792056,114.64836733974516
1739267791051,113.38022226840258
1739267791051,113.38022226840258
1739267790050,113.69242519140244
1739267790050,113.69242519140244
1739267789043,113.52012281958014
1739267789043,113.52012281958014
1739267788047,113.28007925488055
1739267788047,113.28007925488055
1739267787046,113.41760294046253
1739267787046,113.41760294046253
1739267786056,113.49749628640711
1739267786056,113.49749628640711
1739267785040,113.13856468442827
1739267785040,113.13856468442827
1739267784050,113.48084931261837
1739267784050,113.48084931261837
1739267783071,113.39460580982268
1739267783071,113.39460580982268
1739267782044,113.38560661580414
1739267782044,113.38560661580414
1739267781037,113.36514177452773
1739267781037,113.36514177452773
1739267780044,113.45629804953933
1739267780044,113.45629804953933
1739267779046,113.29107410088181
1739267779046,113.29107410088181
1739267778046,113.14153275825083
1739267778046,113.14153275825083
1739267777046,112.93538923934102
1739267777046,112.93538923934102
1739267776048,112.728416335769
1739267776048,112.728416335769
1739267775049,112.24151721224189
1739267775049,112.24151721224189
1739267774064,112.0421828404069
1739267774064,112.0421828404069
1739267773047,111.55957748927176
1739267773047,111.55957748927176
1739267772039,111.94338115397841
1739267772039,111.94338115397841
1739267771059,111.96547762025148
1739267771059,111.96547762025148
1739267770061,111.65828857570887
1739267770061,111.65828857570887
1739267769050,111.77557886671275
1739267769050,111.77557886671275
1739267768060,111.37070661224425
1739267768060,111.37070661224425
1739267767057,111.14277670159936
1739267767057,111.14277670159936
1739267766042,111.51980773825198
1739267766042,111.51980773825198
1739267765056,111.09099576622248
1739267765056,111.09099576622248
1739267764059,111.46728081814945
1739267764059,111.46728081814945
1739267763070,111.18123888131231
1739267763070,111.18123888131231
1739267762057,110.98261492233723
1739267762057,110.98261492233723
1739267761056,111.1167579041794
1739267761056,111.1167579041794
1739267760046,111.46840249560773
1739267760046,111.46840249560773
1739267759063,111.11740891914815
1739267759063,111.11740891914815
1739267758046,110.33289096876979
1739267758046,110.33289096876979
1739267757036,110.14712646231055
1739267757036,110.14712646231055
1739267756046,109.50437544751912
1739267756046,109.50437544751912
1739267755041,109.20586454868317
1739267755041,109.20586454868317
1739267754051,109.23857024684548
1739267754051,109.23857024684548
1739267753044,109.68377007637173
1739267753044,109.68377007637173
1739267752046,109.58297814056277
1739267752046,109.58297814056277
1739267751045,109.46880436409265
1739267751045,109.46880436409265
1739267750040,109.28375816345215
1739267750040,109.28375816345215
1739267749047,108.81687403656542
1739267749047,108.81687403656542
1739267748038,108.60806030128151
1739267748038,108.60806030128151
1739267747042,108.27731529530138
1739267747042,108.27731529530138
1739267746062,108.42090078536421
1739267746062,108.42090078536421
1739267745054,108.45624920167029
1739267745054,108.45624920167029
1739267744055,107.84587062429637
1739267744055,107.84587062429637
1739267743044,107.48437968920916
1739267743044,107.48437968920916
1739267742059,107.16545578371733
1739267742059,107.16545578371733
1739267741058,107.12189321871847
1739267741058,107.12189321871847
1739267740057,106.67023078352213
1739267740057,106.67023078352213
1739267739049,107.11567313130945
1739267739049,107.11567313130945
1739267738058,106.75804081466049
1739267738058,106.75804081466049
1739267737056,107.11329464893788
1739267737056,107.11329464893788
1739267736065,106.89939293824136
1739267736065,106.89939293824136
1739267735057,106.8347776029259
1739267735057,106.8347776029259
1739267734042,106.34232236165553
1739267734042,106.34232236165553
1739267733047,106.04691268969327
1739267733047,106.04691268969327
1739267732055,106.4641673816368
1739267732055,106.4641673816368
1739267731061,106.98780845291913
1739267731061,106.98780845291913
1739267730052,106.85039286408573
1739267730052,106.85039286408573
1739267729058,105.48140138201416
1739267729058,105.48140138201416
1739267728070,105.74236621242017
1739267728070,105.74236621242017
1739267727055,105.9464555727318
1739267727055,105.9464555727318
1739267726056,106.8276475481689
1739267726056,106.8276475481689
1739267725046,105.957698632963
1739267725046,105.957698632963
1739267724046,106.09877570252866
1739267724046,106.09877570252866
1739267723048,105.32293825317174
1739267723048,105.32293825317174
1739267722050,104.61059862747788
1739267722050,104.61059862747788
1739267721046,104.76785066351295
1739267721046,104.76785066351295
1739267720049,105.29580635111779
1739267720049,105.29580635111779
1739267719050,104.77675159927458
1739267719050,104.77675159927458
1739267718048,105.20827388577163
1739267718048,105.20827388577163
1739267717050,105.58142515458167
1739267717050,105.58142515458167
1739267716052,105.59832859691232
1739267716052,105.59832859691232
1739267715047,105.32920176535845
1739267715047,105.32920176535845
1739267714049,104.41726010292768
1739267714049,104.41726010292768
1739267713049,104.2640364151448
1739267713049,104.2640364151448
1739267712041,104.02008414175361
1739267712041,104.02008414175361
1739267711051,103.42087967414409
1739267711051,103.42087967414409
1739267710041,103.23992975149304
1739267710041,103.23992975149304
1739267709034,103.65972249954939
1739267709034,103.65972249954939
1739267708045,103.6982714291662
1739267708045,103.6982714291662
1739267707042,103.05782253947109
1739267707042,103.05782253947109
1739267706044,102.4886710466817
1739267706044,102.4886710466817
1739267705039,102.42528010625392
1739267705039,102.42528010625392
1739267704038,101.5921805780381
1739267704038,101.5921805780381
1739267703060,101.63912557158619
1739267703060,101.63912557158619
1739267702047,101.31053759530187
1739267702047,101.31053759530187
1739267701054,101.42256456892937
1739267701054,101.42256456892937
1739267700050,101.39924691617489
1739267700050,101.39924691617489
1739267699056,101.34641845710576
1739267699056,101.34641845710576
1739267698052,101.56647996976972
1739267698052,101.56647996976972
1739267697043,102.3955880831927
1739267697043,102.3955880831927
1739267696048,102.32130977045745
1739267696048,102.32130977045745
1739267695044,102.30041881930083
1739267695044,102.30041881930083
1739267694052,102.747623632662
1739267694052,102.747623632662
1739267693051,102.91954513266683
1739267693051,102.91954513266683
1739267692043,102.62261467892677
1739267692043,102.62261467892677
1739267691040,103.0493500130251
1739267691040,103.0493500130251
1739267690049,103.73117635212839
1739267690049,103.73117635212839
1739267689046,104.24826372414827
1739267689046,104.24826372414827
1739267688050,104.39355829544365
1739267688050,104.39355829544365
1739267687039,103.90836912300438
1739267687039,103.90836912300438
1739267686045,104.16967506241053
1739267685046,104.2523199096322
1739267684046,104.50999797321856
1739267683068,104.71399211417884
1739267682044,104.70868382416666
1739267681037,104.7998137967661
1739267680057,104.45823258440942
1739267679050,104.02673102542758
1739267678041,103.524071210064
1739267677049,103.20692692976445
1739267676057,103.24483893811703
1739267675055,103.76956662163138
1739267674059,103.61361972708255
1739267673056,103.2673129318282
1739267672052,103.70401824824512
1739267671066,104.18518466874957
1739267670057,103.84304593037814
1739267669052,103.79792942572385
1739267668059,103.94984172470868
1739267667056,103.76354848686606
1739267666044,104.30578075163066
1739267665047,104.38879319559783
1739267664041,104.31136461533606
1739267663047,104.89560904819518
1739267662045,105.21705165784806
1739267661049,105.21073479298502
1739267660052,105.19376416876912
1739267659048,106.00901371613145
1739267658050,105.53100526425987
1739267657048,105.9146820846945
1739267656048,105.79065379872918
1739267655046,106.0969805996865
1739267654050,105.96306842844933
1739267653048,106.14686613157392
1739267652042,107.1507406430319
1739267651057,107.39867107477039
1739267650056,107.8239113111049
1739267649049,107.62424021307379
1739267648056,107.91450815368444
1739267647059,107.88452778477222
1739267646042,107.63553808350116
1739267645053,107.42961922008544
1739267644070,107.74869882315397
1739267643047,107.61427145078778
1739267642044,107.53167903982103
1739267641050,107.6644434677437
1739267640050,107.44083220418543
1739267639050,107.97627188637853
1739267638048,108.25505795516074
1739267637048,107.87573068961501
1739267636050,108.19701187405735
1739267635044,107.83317278511822
1739267634046,107.65116286557168
1739267633036,107.30679231509566
1739267632058,107.44049136154354
1739267631056,107.76336172781885
1739267630059,107.8434457462281
1739267629056,107.69976368639618
1739267628058,107.55909118894488
1739267627058,107.61191671341658
1739267626058,107.94540664926171
1739267625057,107.408003102988
1739267624053,107.45732008386403
1739267623056,107.58761829789728
1739267622057,107.62365818116814
1739267621054,108.20816506631672
1739267620060,107.8961668992415
1739267619047,107.9020847948268
1739267618056,108.12640655599535
1739267617049,107.15322982519865
1739267616050,107.45312040578574
1739267615050,107.9263352593407
1739267614040,108.46302746515721
1739267613037,108.76324611995369
1739267612048,109.0851035118103
1739267611050,109.37627583555877
1739267610047,109.2950088577345
1739267609037,109.11238475702703
1739267608035,109.0265691075474
1739267607047,108.73411305248737
1739267606049,108.64191299304366
1739267605039,108.39389096945524
1739267604039,108.23670765385032
1739267603043,108.15513800922781
1739267602039,107.99829133041203
1739267601047,107.85296016652137
1739267600047,107.91211557202041
1739267599044,107.87085095234215
1739267598042,107.49476624745876
1739267597040,107.26914750318974
1739267596041,107.15782517101616
1739267595047,107.01104616932571
1739267594041,107.32496762741357
1739267593044,107.18544169608504
1739267592038,107.437026550062
1739267591043,107.57096785772592
1739267590055,107.51127820834517
1739267589064,107.71924380864948
1739267588072,107.73010613303632
1739267587052,108.01031631417572
1739267586049,107.80481770634651
1739267585040,108.53705588635057
1739267584044,108.68691868428141
1739267583050,108.80184634774923
1739267582045,108.597327564843
1739267581056,107.73899169266224
1739267580056,107.36898330785334
1739267579058,107.44451287854463
1739267578057,107.3022431479767
1739267577055,106.70811236742884
1739267576057,106.55990210548043
1739267575057,106.7875015931204
1739267574042,106.07724241819233
1739267573057,106.22400160226971
1739267572057,106.22295570001006
1739267571052,106.79819251876324
1739267570049,107.06764552183449
1739267569059,107.16060638707131
1739267568054,106.77697501797229
1739267567057,106.29473655670881
1739267566060,107.42754884809256
1739267565057,106.81495528295636
1739267564056,107.05202688649297
1739267563068,106.88051284383982
1739267562053,107.12391760665923
1739267561053,107.2797806141898
1739267560055,107.04135194513947
1739267559050,107.13031976670027
1739267558047,107.13604504801333
1739267557048,106.88051696307957
1739267556046,106.68747839145362
1739267555049,106.5045218616724
1739267554049,106.60669966600835
1739267553048,105.83039641473442
1739267552052,105.66907260846347
1739267551048,105.65132452733815
1739267550049,105.62345707509667
1739267549047,106.02033196017146
1739267548056,105.89808408077806
1739267547050,105.38451452367008
1739267546049,105.16389564517885
1739267545045,104.77977303229272
1739267544050,104.78884039446712
1739267543051,105.03791990224272
1739267542041,105.0928356340155
1739267541046,105.28029608819634
1739267540051,105.4474819386378
1739267539047,105.76376496814191
1739267538049,105.38637265656143
1739267537047,105.49263099953532
1739267536046,105.20497330278158
1739267535052,105.32026682142168
1739267534045,105.41179539076984
1739267533056,105.13515366893262
1739267532062,105.5158845121041
1739267531059,105.45902246329933
1739267530047,105.73097829055041
1739267529040,105.8285966180265
1739267528051,105.99116053432226
1739267527052,106.02446872740984
1739267526049,105.83418585546315
1739267525046,106.14449450746179
1739267524049,105.54516173712909
1739267523051,105.75996194034815
1739267522047,105.94510840531439
1739267521046,106.05265038926154
1739267520048,106.56403855606914
1739267519042,106.58016107138246
1739267518048,106.70833964273334
1739267517045,106.44409694708884
1739267516039,106.41885887738317
1739267515044,106.09716665372252
1739267514031,105.58280772715807
1739267513058,105.77986358292401
1739267512059,105.9656643467024
1739267511051,105.43022880889475
1739267510057,105.87067677546293
1739267509050,104.90867399517447
1739267508049,105.13927941210568
1739267507049,104.5247741015628
1739267506046,104.96087484806776
1739267505048,104.77640076726675
1739267504057,104.7619128357619
1739267503053,104.83040143735707
1739267502043,104.81168929394335
1739267501047,104.31663830950856
1739267500049,104.21307573188096
1739267499042,104.31266862899065
1739267498049,104.3291243808344
1739267497044,104.150251804851
1739267496049,104.20480973739177
1739267495046,104.4300389578566
1739267494051,104.16994305327535
1739267493056,104.37893557548523
1739267492049,103.88175209518522
1739267491044,103.51752730924636
1739267490047,103.3518043924123
1739267489049,102.65575068444014
1739267488047,102.14394130557775
1739267487050,102.39544429443777
1739267486049,102.98621581122279
1739267485048,102.61271668877453
1739267484051,102.59586024843156
1739267483058,102.49935618974268
1739267482044,102.79943279270083
1739267481049,102.31357162818313
1739267480039,102.11126046534628
1739267479045,102.43581622932106
1739267478048,102.77600665576756
1739267477060,102.89240711834282
1739267476045,102.59419290348887
1739267475047,102.65857290569693
1739267474049,102.58270952384919
1739267473049,102.40335787087679
1739267472039,102.24972798582166
1739267471056,102.70086446590722
1739267470051,102.54809728078544
1739267469049,102.82501851208508
1739267468058,103.25547686778009
1739267467056,103.31621305085719
1739267466056,103.49732330068946
1739267465057,103.51247233245522
1739267464057,103.89644302148372
1739267463053,103.97175030782819
1739267462055,103.72221297957003
1739267461052,103.69970451109111
1739267460049,104.17582269757986
1739267459050,104.16313453484327
1739267458049,103.5955044766888
1739267457042,103.48020949959755
1739267456050,103.4954061517492
1739267455045,103.28572419751436
1739267454047,103.4121156623587
1739267453042,103.23570695426315
1739267452046,102.9350786358118
1739267451051,102.77451033703983
1739267450049,102.6883874842897
1739267449046,102.86483296286315
1739267448050,102.8766766116023
1739267447045,102.80347805470228
1739267446070,102.86086809448898
1739267445066,102.89918059576303
1739267444058,103.14662352018058
1739267443058,103.34010273683816
1739267442057,103.5455213477835
1739267441057,103.08150347974151
1739267440052,103.0332169784233
1739267439049,103.34320562519133
1739267438056,103.68842210620642
1739267437049,103.81059690006077
1739267436057,103.72478142660111
1739267435051,103.8947341479361
1739267434049,103.66888686269522
1739267433057,103.7239806028083
1739267432052,103.98744751699269
1739267431056,103.62290364224464
1739267430055,103.87475801631808
1739267429046,104.17279100511223
1739267428053,104.1256549116224
1739267427054,103.94983464758843
1739267426058,104.32858409360051
1739267425048,103.59361074306071
1739267424041,103.2210388854146
1739267423049,103.63808067049831
1739267422042,102.89365009311587
1739267421064,102.93811764661223
1739267420073,102.98690367490053
1739267419050,102.94304218050092
1739267418050,102.72557732369751
1739267417047,103.33185566030443
1739267416045,102.78089465759695
1739267415048,102.56018706317991
1739267414043,102.29852139297873
1739267413041,101.81577020790428
1739267412038,101.47652667202055
1739267411052,100.87505082320422
1739267410059,101.20752378739417
1739267409047,101.25905062258244
1739267408053,101.54297814238816
1739267407056,101.34737386088818
1739267406057,101.56379059050232
1739267405056,101.37464122381061
1739267404055,100.77848120592535
1739267403054,101.4051364781335
1739267402048,101.221902965568
1739267401057,100.75901243276894
1739267400059,100.6428348319605
1739267399053,100.70817075762898
1739267398056,101.0233153142035
1739267397068,99.92357060685754
1739267396053,99.76086393650621
1739267395059,99.97859306260943
1739267394045,99.66831655334681
1739267393061,99.65632823016495
1739267392060,99.52652928140014
1739267391064,99.4768872661516
1739267390043,99.814119967632
1739267389047,99.52849437389523
1739267388054,99.42406772822142
1739267387057,98.64334970992059
1739267386047,98.48861222527921
1739267385055,98.40698794461787
1739267384054,98.57733003608882
1739267383095,98.04855109844357
1739267382041,97.50500330608338
1739267381047,97.72025075182319
1739267380058,98.21084521058947
1739267379052,98.19155982136726
1739267378057,98.41749968100339
1739267377056,98.49752364028245
1739267376061,98.71312580164522
1739267375056,98.85279084742069
1739267374055,98.39470604248345
1739267373057,97.78749112226069
1739267372058,97.22649780660868
1739267371056,97.72385328635573
1739267370056,98.27943107485771
1739267369060,98.02945542521775
1739267368053,96.79540137108415
1739267367053,97.33445216342807
1739267366053,97.20107856113464
1739267365069,96.26066806539893
1739267364050,95.60575996432453
1739267363042,95.22057025972754
1739267362043,94.40363289508969
1739267361042,93.9328433116898
1739267360050,94.26406132709235
1739267359048,94.3819744605571
1739267358056,93.4102599946782
1739267357050,92.06480133999139
1739267356046,92.4366131843999
1739267355045,91.8717128271237
1739267354049,91.45575527008623
1739267353041,90.12986022327095
1739267352041,90.28827758319676
1739267351059,90.22350625880063
1739267350045,89.88729025423527
1739267349051,89.63850524928421
1739267348049,88.99801126401871
1739267347058,89.30795643106103
1739267346061,89.37760704848915
1739267345058,89.23730709403753
1739267344058,89.38757758960128
1739267343056,89.11124520748854
1739267342057,89.64445130340755
1739267341054,89.03961373027414
1739267340058,89.46506042778492
1739267339055,89.49097252357751
1739267338060,89.33326659537852
1739267337076,89.19234120845795
1739267336074,89.25708210840821
1739267335053,88.65709302201867
1739267334058,88.11412963457406
1739267333059,88.36230373568833
1739267332058,87.99984230939299
1739267331058,88.19064941443503
1739267330059,88.82469524536282
1739267329057,88.5854156408459
1739267328059,88.13082732912153
1739267327058,86.48653402645141
1739267326056,86.75759387481958
1739267325057,87.66185628343374
1739267324057,87.38951636571437
1739267323057,87.20791989006102
1739267322059,87.90892003849149
1739267321056,87.82575314305723
1739267320057,87.68453027214855
1739267319048,87.22782456222922
1739267318041,87.98731653764844
1739267317059,88.11443728860468
1739267316059,87.8609883831814
1739267315059,88.2278360594064
1739267314059,90.27069568820298
1739267313053,89.89511918649077
1739267312050,89.4448406426236
1739267311056,88.98538528010249
1739267310055,89.23274181224406
1739267309052,89.65755993686616
1739267308059,89.44801974110305
1739267307075,89.71226395107806
1739267306046,88.8669102806598
1739267305052,89.210453257896
1739267304046,88.97602110542357
1739267303050,87.94270309619606
1739267302044,87.57137317489833
1739267301046,86.85696849226952
1739267300049,86.74504467938095
1739267299049,86.64739402011037
1739267298052,86.55212985165417
1739267297043,86.05241906736046
1739267296046,85.02963765896857
1739267295049,85.47326092980802
1739267294048,83.99408313632011
1739267293049,84.48771580029279
1739267292041,84.52594918571413
1739267291059,84.0776005005464
1739267290057,84.22972601093352
1739267289050,83.62025151588023
1739267288057,85.14853554684669
1739267287058,84.81852804776281
1739267286038,84.51079416833818
1739267285058,84.76972813531756
1739267284047,85.25390690099448
1739267283079,84.7318032188341
1739267282044,84.40745860897005
1739267281045,84.00846608448774
1739267280067,83.77203120850027
1739267279045,83.34009808953851
1739267278049,83.59489239845425
1739267277050,82.19493941217661
1739267276051,83.41267227660865
1739267275044,82.9373454945162
1739267274058,82.32678235322237
1739267273060,81.58284039981663
1739267272055,80.69177520275116
1739267271054,81.67274106293917
1739267270059,80.25065354816616
1739267269059,79.5249976310879
1739267268056,79.07133079599589
1739267267057,78.5603636233136
1739267266058,78.88013434503227
1739267265056,79.31425555888563
1739267264058,78.87667845375836
1739267263049,78.81854214239866
1739267262059,79.02701637335122
1739267261057,78.70908407960087
1739267260058,78.24660084675997
1739267259051,77.63438383117318
1739267258054,76.79767786245793
1739267257051,78.04649685602635
1739267256057,77.72192944865674
1739267255073,78.09027136024088
1739267254058,77.65906113386154
1739267253055,77.96076807379723
1739267252056,79.12846334464848
1739267251058,79.46099397167563
1739267250059,78.90799399930984
1739267249048,78.3594395564869
1739267248056,78.70250814873725
1739267247058,77.39023098256439
1739267246052,78.12893983814865
1739267245049,78.01932437345386
1739267244044,77.91086304187775
1739267243049,77.7365437662229
1739267242044,77.6724263811484
1739267241049,76.8125498984009
1739267240049,77.66485973447561
1739267239052,77.35755701735616
1739267238042,76.93067732453346
1739267237051,76.65693692676723
1739267236052,76.21535533852875
1739267235044,75.27783168293536
1739267234047,75.12002650089562
1739267233040,74.69172460585833
1739267232049,75.21735688485205
1739267231084,74.62601283937693
1739267230056,74.4136485978961
1739267229051,73.60867986362427
1739267228048,73.37331994995475
1739267227049,73.51403242908418
1739267226045,72.23930716887116
1739267225051,72.14355853572488
1739267224050,72.19651157502085
1739267223047,70.70617542788386
1739267222049,70.99716490972787
1739267221048,69.71504631452262
1739267220048,68.70155662018806
1739267219048,68.72719915863127
1739267218048,68.76496032252908
1739267217047,68.49635094869882
1739267216052,67.64784881193191
1739267215048,67.89069283287972
1739267214051,67.35564842354506
1739267213050,66.93741601612419
1739267212042,66.69908026698977
1739267211043,66.02142073120922
1739267210048,65.07834202051163
1739267209050,64.10888939816505
1739267208054,63.88423484377563
1739267207049,63.55542160011828
1739267206050,63.56602661777288
1739267205035,62.91151605639607
1739267204054,63.105682384222746
1739267203065,63.23026977945119
1739267202051,63.138454331085086
1739267201054,62.37387847248465
1739267200060,62.99578932579607
1739267199052,63.51551435701549
1739267198053,63.418545516207814
1739267197069,63.74821279197931
1739267196058,63.84155632928014
1739267195058,64.00891063269228
1739267194057,63.13790056295693
1739267193060,63.32735986541957
1739267192059,63.68327867332846
1739267191056,64.04653510544449
1739267190041,63.944911480881274
1739267189038,63.30964531749487
1739267188051,63.03274785447866
1739267187050,63.61254236102104
1739267186048,63.93835069332272
1739267185051,64.23414248321205
1739267184049,64.44917902816087
1739267183059,64.73123477958143
1739267182046,65.1424067337066
1739267181039,64.73484820965677
1739267180040,64.42714171297848
1739267179045,64.47009969875216
1739267178050,64.51248682849109
1739267177041,64.56652436126024
1739267176051,63.842314878478646
1739267175047,63.8204687461257
1739267174051,63.90843283571303
1739267173048,64.00546035449952
1739267172047,63.310165953822434
1739267171053,62.77881881035864
1739267170058,62.86051200889051
1739267169046,62.78572190180421
1739267168059,62.73251284100115
1739267167057,62.48416510876268
1739267166042,62.625265144743025
1739267165060,62.53360760305077
1739267164051,62.49916135985404
1739267163046,62.160005488432944
1739267162047,62.03575549367815
1739267161053,61.67134657967836
1739267160053,61.69089254550636
1739267159050,61.11867552809417
1739267158049,61.349878867156804
1739267157045,61.04955768305808
1739267156048,61.12828503455967
1739267155050,60.9738909099251
1739267154048,61.11848760955036
1739267153049,60.940200227312744
1739267152040,60.59130559209734
1739267151062,60.077664559707046
1739267150041,59.12266730424017
1739267149050,59.35566581040621
1739267148049,58.71087667532265
1739267147051,58.39056413061917
1739267146045,58.32427726872265
1739267145040,58.40206391829997
1739267144041,58.495106065645814
1739267143051,57.79496625624597
1739267142049,57.248972307890654
1739267141051,57.16275009792298
1739267140049,56.86531140189618
1739267139042,56.31119930371642
1739267138060,56.46039305347949
1739267137046,55.9508567545563
1739267136049,55.75544772576541
1739267135052,56.02405182272196
1739267134047,56.09316122159362
1739267133049,56.202698048204184
1739267132050,55.713096622377634
1739267131050,55.504899038001895
1739267130051,55.83557254076004
1739267129049,56.36284260544926
1739267128047,55.712267198599875
1739267127042,55.484425348229706
1739267126532,55.310300247743726
1739267125542,55.116095000877976
1739267124192,55.02435686439276
1739267123065,54.79296710714698
1739267122070,54.976197875104845
1739267121046,54.938131171278656
1739267120049,54.82034023664892
1739267119053,54.38872647564858
1739267118048,54.38502357341349
1739267117052,53.691575339995325
1739267116050,54.3190298974514
1739267115045,54.21773966867477
1739267114051,54.3258234038949
1739267113051,54.86649320088327
1739267112041,54.7923422427848
1739267111037,54.87719273753464
1739267110061,54.88886694423854
1739267109052,54.81099807471037
1739267108058,55.082092851400375
1739267107058,54.96992080844939
1739267106060,54.93471731245518
1739267105059,54.74431379791349
1739267104057,55.246636777184904
1739267103056,54.9395708758384
1739267102044,54.8109212256968
1739267101051,54.9034075057134
1739267100057,54.85106002166867
1739267099058,55.16564845666289
1739267098057,54.96768269315362
1739267097061,54.856457544490695
1739267096062,54.99966339208186
1739267095070,55.07519555371255
1739267094063,54.4413998555392
1739267093054,54.35102593805641
1739267092058,55.23737387172878
1739267091050,55.03750893846154
1739267090048,54.88376808911562
1739267089048,54.958156804554164
1739267088049,55.012697126716375
1739267087051,54.703244395554066
1739267086050,55.401485902257264
1739267085048,55.55392594821751
1739267084050,55.18953965883702
1739267083061,55.265156887471676
1739267082050,55.48505823221058
1739267081046,55.89806028548628
1739267080045,55.549084660597146
1739267079044,55.61648545879871
1739267078055,56.02357973065227
1739267077047,56.11890898831189
1739267076050,55.789923464879394
1739267075043,55.91306525841355
1739267074046,55.75200404878706
1739267073040,55.78075543418527
1739267072046,55.663070228882134
1739267071049,56.357620511204004
1739267070056,56.47633705008775
1739267069045,56.50482080318034
1739267068051,55.850454977713525
1739267067046,55.460336066782475
1739267066050,54.94920674152672
1739267065048,54.8893294101581
1739267064052,54.66949712205678
1739267063044,54.90425420738757
1739267062046,55.276216802187264
1739267061046,54.92876157164574
1739267060044,54.70933050010353
1739267059043,54.52271993085742
1739267058051,54.00884113367647
1739267057048,54.186890598386526
1739267056054,53.842011344619095
1739267055051,53.41751773841679
1739267054049,53.26462716329843
1739267053048,52.999525502324104
1739267052052,52.52225087210536
1739267051092,52.35591043159366
1739267050050,52.42209576070309
1739267049049,52.172061272896826
1739267048054,52.2543266043067
1739267047056,51.99959659203887
1739267046047,51.911135849542916
1739267045061,52.19878813158721
1739267044056,52.33324032090604
1739267043057,52.16532302647829
1739267042048,52.535042729228735
1739267041058,52.76599331386387
1739267040058,52.94006538204849
1739267039054,52.80302863381803
1739267038047,52.67164632026106
1739267037055,52.92505571525544
1739267036059,53.14940494298935
1739267035057,52.44053357094526
1739267034054,52.604068784974515
1739267033048,52.31724088918418
1739267032049,52.214889663271606
1739267031050,51.989055718295276
1739267030044,51.8436924200505
1739267029050,51.55841851513833
1739267028047,51.83489994611591
1739267027053,51.38984845764935
1739267026046,51.531910018995404
1739267025049,51.71461763326079
1739267024047,51.599398316815495
1739267023052,51.56621393561363
1739267022042,51.18758553545922
1739267021047,51.63122175261378
1739267020039,51.90876727644354
1739267019044,51.91093257255852
1739267018052,51.48457354400307
1739267017062,50.865598323754966
1739267016048,50.95814565010369
1739267015052,50.84561792947352
1739267014047,50.3484860798344
1739267013047,50.164902032352984
1739267012044,49.82768722437322
1739267011048,50.02210829034448
1739267010048,49.682895336300135
1739267009047,50.00566334836185
1739267008037,49.59337563905865
1739267007054,49.67253807745874
1739267006041,49.60915850289166
1739267005047,49.27684746682644
1739267004043,49.238093530759215
1739267003048,48.96619136445224
1739267002043,48.870713997632265
1739267001049,49.06699273921549
1739267000048,48.91648300085217
1739266999039,48.76275462470949
1739266998047,48.59797845594585
1739266997060,48.110365165397525
1739266996046,48.03469478432089
1739266995051,48.5228155143559
1739266994053,48.04509623069316
1739266993067,47.83281993679702
1739266992039,47.757417583838105
1739266991058,48.66847071889788
1739266990075,48.95503194164485
1739266989052,48.718518576584756
1739266988059,48.73424076568335
1739266987058,48.855821386910975
1739266986058,48.59593718871474
1739266985058,48.362371762283146
1739266984058,48.312098583206534
1739266983076,48.256316841579974
1739266982058,48.26426030229777
1739266981048,47.744109680876136
1739266980051,48.53658472467214
1739266979051,48.11569958832115
1739266978053,48.20356921944767
1739266977046,48.33362219855189
1739266976050,48.10187535174191
1739266975051,47.98965516593307
1739266974050,47.87482517771423
1739266973046,48.51425133831799
1739266972052,48.41118419915438
1739266971033,48.670773045159876
1739266970048,48.30127854086459
1739266969045,48.36364213749766
1739266968053,48.67485465388745
1739266967046,48.50811989791691
1739266966064,48.21618201304227
1739266965053,48.04999200068414
1739266964060,47.75614187028259
1739266963640,47.392968306317925
1739266962057,46.90120561327785
1739266961059,46.65220508817583
1739266960059,46.21021570824087
1739266959050,46.14240954257548
1739266958055,46.15393333788961
1739266957057,45.63361350633204
1739266956058,45.46656517870724
1739266955056,45.34920009225607
1739266954057,44.68618421256542
1739266953056,45.130877706222236
1739266952058,45.05833503510803
1739266951055,44.916289158165455
1739266950059,44.1783552961424
1739266949052,44.29677590355277
1739266948059,44.257326778024435
1739266947055,43.67463417444378
1739266946058,43.55549286585301
1739266945045,43.57537629362196
1739266944048,43.56176922377199
1739266943051,43.4545689271763
1739266942048,43.3680274495855
1739266941046,43.141184240579605
1739266940068,43.223906598985195
1739266939046,43.326327997259796
1739266938049,43.10908241290599
1739266937047,42.91464471165091
1739266936049,42.97490342985839
1739266935051,42.52886634785682
1739266934051,42.691820906475186
1739266933049,42.12676928099245
1739266932044,42.21635483857244
1739266931047,42.23069941159338
1739266930060,42.75687532313168
1739266929048,42.79633042681962
1739266928058,42.526592620648444
1739266927057,42.77628860343248
1739266926059,42.05317263957113
1739266925057,41.849693309515715
1739266924056,42.20615096949041
1739266923059,41.94024131633341
1739266922060,41.583031478337944
1739266921059,41.38001374248415
1739266920049,41.81251282244921
1739266919056,41.306579063646495
1739266918057,41.24950701277703
1739266917058,41.19907154887915
1739266916058,41.08018495794386
1739266915073,40.97883602697402
1739266914078,40.915419371798635
1739266913059,41.35115527175367
1739266912060,41.95735083706677
1739266911057,42.159339810721576
1739266910041,40.2735089128837
1739266909058,40.14420926384628
1739266908059,40.53641760163009
1739266907059,40.45045468304306
1739266906057,40.243483597412705
1739266905055,39.94737085793167
1739266904059,39.81276111211628
1739266903058,39.50073408149183
1739266902050,39.60846826992929
1739266901053,40.104548568837345
1739266900058,38.941733789630234
1739266899047,39.00793127436191
1739266898055,39.32098354585469
1739266897068,39.36004148237407
1739266896054,39.23476067464799
1739266895055,39.334714790806174
1739266894050,39.271222732029855
1739266893053,39.80953450780362
1739266892051,38.663666877895594
1739266891057,37.62796828337014
1739266890070,37.47479286417365
1739266889049,37.847764742560685
1739266888057,37.56786669231951
1739266887057,37.78793513029814
1739266886057,37.45789923146367
1739266885049,37.35689927544445
1739266884048,37.50005578622222
1739266883061,37.48572403844446
1739266882045,37.118382941000164
1739266881049,37.021420552395284
1739266880048,36.90415750350803
1739266879047,36.96123780310154
1739266878051,36.827298663556576
1739266877047,37.33932155370712
1739266876049,37.48175565619022
1739266875048,36.56836558226496
1739266874046,36.56070416606963
1739266873052,36.94019076041877
1739266872041,36.70301701594144
1739266871064,36.40823145210743
1739266870056,36.77389557193965
1739266869045,36.64345999993384
1739266868047,36.77264979761094
1739266867053,36.172718338668346
1739266866064,36.704616961069405
1739266865057,36.44588921498507
1739266864053,36.59587388020009
1739266863067,36.41845563426614
1739266862053,36.329185580834746
1739266861054,36.71475443150848
1739266860049,37.221758583560586
1739266859042,36.43751168716699
1739266858050,36.85832143481821
1739266857053,36.617957011796534
1739266856052,37.77692906372249
1739266855045,37.29236210137606
1739266854050,36.94990081992
1739266853051,37.007423769682646
1739266852049,36.93484159000218
1739266851049,37.08833137527108
1739266850042,37.59647272247821
1739266849048,36.84306387975812
1739266848050,37.454867460764945
1739266847043,37.68691144883633
1739266846042,37.915801987983286
1739266845053,37.43047471251339
1739266844058,37.6198406489566
1739266843053,37.55627041589469
1739266842054,37.48299781791866
1739266841054,37.56220786925405
1739266840055,37.028862750157714
1739266839050,37.96943221800029
1739266838058,37.09216972626746
1739266837055,37.180654590018094
1739266836058,37.381412314251065
1739266835055,37.635673959739506
1739266834057,37.299022383987904
1739266833055,37.0006911912933
1739266832056,37.16963148768991
1739266831055,36.863714777864516
1739266830056,36.87438339740038
1739266829052,36.83077590633184
1739266828058,36.69235186185688
1739266827057,36.44931440986693
1739266826057,37.15699198283255
1739266825041,36.50343613978475
1739266824048,35.84696885198355
1739266823050,35.971962101757526
1739266822044,35.80898661632091
1739266821054,35.320904752239585
1739266820075,36.07196019496769
1739266819046,35.13231444917619
1739266818053,35.58028952591121
1739266817049,35.43391236849129
1739266816071,35.302812065929174
1739266815046,35.32110736519098
1739266814048,35.82269240915775
1739266813050,36.21050489321351
1739266812050,35.431306002661586
1739266811043,34.90770112257451
1739266810049,34.90063192229718
1739266809041,35.202960569411516
1739266808049,34.64535230305046
1739266807047,35.115428262390196
1739266806048,34.65739382710308
1739266805037,34.66262472048402
1739266804032,34.92683631833643
1739266803056,34.702522984705865
1739266802047,34.75242366734892
1739266801049,35.29497075174004
1739266800054,34.904188769869506
1739266799048,34.81619542837143
1739266798048,34.23461252450943
1739266797050,34.77858802303672
1739266796049,34.80006168875843
1739266795043,35.12689848151058
1739266794051,35.66762402560562
1739266793064,35.014853747561574
1739266792059,35.95359195955098
1739266791047,36.12571668531746
1739266790040,36.278144013136625
1739266789048,36.697459580376744
1739266788048,35.76098270621151
1739266787052,35.61155864689499
1739266786057,35.86062800511718
1739266785065,35.62280459981412
1739266784056,35.463838228955865
1739266783097,36.04128461424261
1739266782043,36.53327807225287
1739266781057,36.977016592398286
1739266780057,37.1364223100245
1739266779048,37.78497730568051
1739266778059,37.47640562430024
1739266777057,37.12988126743585
1739266776057,37.7029598178342
1739266775059,37.92487973161042
1739266774057,38.520610366016626
1739266773050,39.15551564563066
1739266772057,38.969712800346315
1739266771049,38.993039920926094
1739266770055,39.54370570741594
1739266769049,39.679149710573256
1739266768051,40.322127144783735
1739266767067,39.6704129409045
1739266766040,39.186019035987556
1739266765040,38.404465408064425
1739266764050,38.72468518372625
1739266763038,38.12837746459991
1739266762042,38.36552284285426
1739266761046,38.48403187096119
1739266760048,38.63624890241772
1739266759042,38.65428437385708
1739266758044,38.26445046067238
1739266757043,38.389744905754924
1739266756048,38.520354978740215
1739266755039,39.25333179999143
1739266754045,39.243620816618204
1739266753038,39.46394578367472
1739266752039,38.952517670579255
1739266751044,39.386352204717696
1739266750036,39.668855282478034
1739266749039,38.444393505342305
1739266748042,38.462824085727334
1739266747070,38.497761516831815
1739266746054,38.214453956112266
1739266745063,38.11386898253113
1739266744044,38.57896082196385
1739266743047,38.026320384815335
1739266742043,38.45922462642193
1739266741049,37.989910199306905
1739266740047,38.319379702210426
1739266739041,37.63690093066543
1739266738038,36.681232733651996
1739266737046,36.537750956602395
1739266736048,36.64618295058608
1739266735042,36.80674038641155
1739266734045,36.3897165954113
1739266733043,35.292167202569544
1739266732046,35.07388968300074
1739266731039,35.3470006082207
1739266730046,35.27114986907691
1739266729046,34.66781471297145
1739266728041,34.63226202595979
1739266727048,34.50705196149647
1739266726036,33.6628920789808
1739266725034,34.0287960935384
1739266724061,32.9103793958202
1739266723042,33.033325425349176
1739266722065,32.695675604976714
1739266721049,32.839409632608294
1739266720046,32.30745139159262
1739266719042,31.581920316442847
1739266718045,31.039054137654603
1739266717050,31.484643194824457
1739266716052,31.49350756034255
1739266715052,31.646144424565136
1739266714061,31.41054837871343
1739266713048,31.97008964046836
1739266712047,32.256306286901236
1739266711044,32.70128471124917
1739266710047,31.111250556074083
1739266709038,29.925473619252443
1739266708029,29.94444663822651
1739266707056,29.82273013982922
1739266706060,29.38451736792922
1739266705039,29.489967199973762
1739266704040,28.768248130567372
1739266703035,28.823216083459556
1739266702042,28.60368768684566
1739266701048,29.0177184632048
1739266700030,28.028897158801556
1739266699045,27.98428216110915
1739266698053,28.184538123197854
1739266697049,27.38294859137386
1739266696045,27.55588627886027
1739266695038,27.92554221395403
1739266694044,27.687012186273932
1739266693049,27.743959435261786
1739266692043,27.554195520468056
1739266691038,27.894993021152914
1739266690033,28.157117558643222
1739266689042,27.66211625095457
1739266688043,27.312034877948463
1739266687037,27.29946769308299
1739266686044,26.969391090795398
1739266685045,27.23342559952289
1739266684044,27.153419186361134
1739266683071,27.25113250222057
1739266682041,27.26399472169578
1739266681058,26.973740399815142
1739266680043,27.24172435514629
1739266679039,27.83228088915348
1739266678042,27.510212349705398
1739266677063,27.934881864115596
1739266676049,28.311905855312943
1739266675030,28.26550663076341
1739266674058,27.892482311464846
1739266673040,28.039906272664666
1739266672041,27.759448383003473
1739266671037,28.11653792951256
1739266670038,28.061393097043037
1739266669036,28.85494903381914
1739266668041,28.052555101923645
1739266667037,29.053342135623097
1739266666034,29.348499044775963
1739266665026,29.392453530803323
1739266664038,29.100802668370306
1739266663031,29.89253038726747
1739266662035,29.847415669821203
